/*
SQLyog Community Edition- MySQL GUI v7.01 
MySQL - 5.5.5-10.1.37-MariaDB : Database - shoptubedb
*********************************************************************
*/

/*!40101 SET NAMES utf8 */;

/*!40101 SET SQL_MODE=''*/;

/*!40014 SET @OLD_FOREIGN_KEY_CHECKS=@@FOREIGN_KEY_CHECKS, FOREIGN_KEY_CHECKS=0 */;
/*!40101 SET @OLD_SQL_MODE=@@SQL_MODE, SQL_MODE='NO_AUTO_VALUE_ON_ZERO' */;

CREATE DATABASE /*!32312 IF NOT EXISTS*/`shoptubedb` /*!40100 DEFAULT CHARACTER SET latin1 */;

USE `shoptubedb`;

/*Table structure for table `admin` */

DROP TABLE IF EXISTS `admin`;

CREATE TABLE `admin` (
  `id` int(11) NOT NULL AUTO_INCREMENT,
  `firstName` varchar(125) NOT NULL,
  `lastName` varchar(125) NOT NULL,
  `email` varchar(100) NOT NULL,
  `mobile` varchar(25) NOT NULL,
  `address` text NOT NULL,
  `password` varchar(100) NOT NULL,
  `type` varchar(20) NOT NULL,
  `confirmCode` varchar(10) NOT NULL,
  PRIMARY KEY (`id`)
) ENGINE=InnoDB AUTO_INCREMENT=6 DEFAULT CHARSET=latin1;

/*Data for the table `admin` */

insert  into `admin`(`id`,`firstName`,`lastName`,`email`,`mobile`,`address`,`password`,`type`,`confirmCode`) values (4,'Nur','Mohsin','mohsin@gmail.com','01677876551','Dhaka','$5$rounds=535000$WOAOMdgoK2JpZLY5$RFH9BZQCB3NEvG4R/FofxxJL/PUaeZm7T6G9P3PRg05','manager','0'),(5,'asd','asd','admin@gmail.com','','mumbai','$5$rounds=535000$mAhn.uSIxd5DjRal$5dbchHPO3JezgWNWB4G87EFEZJQDjSA1n8l2/YzEa2.','','');

/*Table structure for table `apriori_model` */

DROP TABLE IF EXISTS `apriori_model`;

CREATE TABLE `apriori_model` (
  `productname` varchar(1000) DEFAULT NULL
) ENGINE=InnoDB DEFAULT CHARSET=latin1;

/*Data for the table `apriori_model` */

insert  into `apriori_model`(`productname`) values ('whole milk'),('Instant food products,0'),('0,UHT-milk'),('0,baking powder'),('0,beef'),('0,berries'),('0,beverages'),('0,bottled beer'),('0,bottled water'),('0,brown bread'),('butter,0'),('0,butter milk'),('0,cake bar'),('0,candles'),('candy,0'),('0,canned beer'),('0,canned fish'),('canned vegetables,0'),('0,cat food'),('0,cereals'),('chewing gum,0'),('chicken,0'),('0,chocolate'),('chocolate marshmallow,0'),('0,citrus fruit'),('0,cling film/bags'),('coffee,0'),('0,condensed milk'),('0,cream cheese '),('curd,0'),('0,dental care'),('0,dessert'),('0,detergent'),('dish cleaner,0'),('dishes,0'),('0,dog food'),('0,domestic eggs'),('0,female sanitary products'),('finished products,0'),('flour,0'),('0,flower (seeds)'),('0,frankfurter'),('0,frozen dessert'),('0,frozen fish'),('0,frozen meals'),('frozen potato products,0'),('frozen vegetables,0'),('fruit/vegetable juice,0'),('0,grapes'),('0,ham'),('hamburger meat,0'),('0,hard cheese'),('0,herbs'),('0,house keeping products'),('0,hygiene articles'),('0,ice cream'),('0,instant coffee'),('0,jam'),('0,kitchen towels'),('0,liquor'),('0,liquor (appetizer)'),('0,long life bakery product'),('0,margarine'),('0,mayonnaise'),('0,meat'),('misc. beverages,0'),('mustard,0'),('0,napkins'),('newspapers,0'),('0,oil'),('0,onions'),('other vegetables,0'),('packaged fruit/vegetables,0'),('0,pasta'),('0,pastry'),('0,pet care'),('0,photo/film'),('pickled vegetables,0'),('pip fruit,0'),('popcorn,0'),('pork,0'),('pot plants,0'),('0,processed cheese'),('0,red/blush wine'),('rice,0'),('roll products ,0'),('0,rolls/buns'),('0,root vegetables'),('0,salt'),('salty snack,0'),('0,sauces'),('0,sausage'),('0,seasonal products'),('0,semi-finished bread'),('0,shopping bags'),('0,sliced cheese'),('0,soda'),('soft cheese,0'),('0,softener'),('0,soups'),('0,sparkling wine'),('specialty bar,0'),('0,specialty cheese'),('0,specialty chocolate'),('0,spread cheese'),('0,sugar'),('0,sweet spreads'),('0,tropical fruit'),('0,turkey'),('vinegar,0'),('0,waffles'),('0,whipped/sour cream'),('0,white bread'),('0,white wine'),('0,whole milk'),('yogurt,0'),('zwieback,0'),('other vegetables,UHT-milk'),('UHT-milk,soda'),('yogurt,UHT-milk'),('other vegetables,baking powder'),('baking powder,whole milk'),('other vegetables,beef'),('rolls/buns,beef'),('root vegetables,beef'),('whole milk,beef'),('yogurt,beef'),('other vegetables,berries'),('soda,berries'),('whipped/sour cream,berries'),('whole milk,berries'),('yogurt,berries'),('whole milk,beverages'),('whole milk,bottled beer'),('other vegetables,bottled water'),('bottled water,soda'),('bottled water,whole milk'),('other vegetables,brown bread'),('brown bread,whole milk'),('yogurt,brown bread'),('other vegetables,butter'),('butter,rolls/buns'),('butter,root vegetables'),('butter,whole milk'),('yogurt,butter'),('other vegetables,butter milk'),('rolls/buns,butter milk'),('whole milk,butter milk'),('yogurt,butter milk'),('cake bar,whole milk'),('candy,other vegetables'),('candy,rolls/buns'),('candy,soda'),('candy,whole milk'),('other vegetables,cat food'),('cat food,whole milk'),('yogurt,cat food'),('chewing gum,soda'),('chicken,other vegetables'),('chicken,rolls/buns'),('chicken,root vegetables'),('chicken,whole milk'),('other vegetables,chocolate'),('rolls/buns,chocolate'),('chocolate,soda'),('chocolate,whole milk'),('other vegetables,citrus fruit'),('citrus fruit,tropical fruit'),('citrus fruit,whole milk'),('yogurt,citrus fruit'),('other vegetables,coffee'),('coffee,whole milk'),('other vegetables,cream cheese '),('rolls/buns,cream cheese '),('whole milk,cream cheese '),('yogurt,cream cheese '),('other vegetables,curd'),('curd,whole milk'),('yogurt,curd'),('other vegetables,dessert'),('dessert,soda'),('dessert,whole milk'),('yogurt,dessert'),('other vegetables,detergent'),('detergent,whole milk'),('dishes,other vegetables'),('other vegetables,domestic eggs'),('rolls/buns,domestic eggs'),('domestic eggs,root vegetables'),('domestic eggs,whole milk'),('yogurt,domestic eggs'),('other vegetables,flour'),('flour,whole milk'),('other vegetables,frankfurter'),('rolls/buns,frankfurter'),('frankfurter,whole milk'),('other vegetables,frozen meals'),('whole milk,frozen meals'),('frozen vegetables,other vegetables'),('frozen vegetables,root vegetables'),('frozen vegetables,whole milk'),('frozen vegetables,yogurt'),('other vegetables,fruit/vegetable juice'),('fruit/vegetable juice,soda'),('fruit/vegetable juice,whole milk'),('yogurt,fruit/vegetable juice'),('other vegetables,grapes'),('tropical fruit,grapes'),('whole milk,grapes'),('other vegetables,ham'),('ham,rolls/buns'),('ham,whole milk'),('yogurt,ham'),('hamburger meat,other vegetables'),('hamburger meat,rolls/buns'),('hamburger meat,whole milk'),('other vegetables,hard cheese'),('hard cheese,rolls/buns'),('hard cheese,root vegetables'),('hard cheese,whole milk'),('yogurt,hard cheese'),('other vegetables,herbs'),('herbs,root vegetables'),('herbs,whole milk'),('other vegetables,hygiene articles'),('whole milk,hygiene articles'),('yogurt,hygiene articles'),('ice cream,soda'),('ice cream,whole milk'),('other vegetables,long life bakery product'),('whole milk,long life bakery product'),('yogurt,long life bakery product'),('other vegetables,margarine'),('rolls/buns,margarine'),('margarine,whole milk'),('yogurt,margarine'),('other vegetables,meat'),('meat,rolls/buns'),('meat,whole milk'),('misc. beverages,soda'),('misc. beverages,whole milk'),('other vegetables,napkins'),('rolls/buns,napkins'),('soda,napkins'),('whole milk,napkins'),('yogurt,napkins'),('other vegetables,newspapers'),('newspapers,rolls/buns'),('newspapers,whole milk'),('other vegetables,oil'),('oil,root vegetables'),('whole milk,oil'),('other vegetables,onions'),('onions,root vegetables'),('onions,whole milk'),('yogurt,onions'),('other vegetables,pastry'),('other vegetables,pickled vegetables'),('other vegetables,pip fruit'),('other vegetables,pork'),('other vegetables,processed cheese'),('other vegetables,rolls/buns'),('other vegetables,root vegetables'),('other vegetables,salty snack'),('other vegetables,sausage'),('other vegetables,shopping bags'),('other vegetables,sliced cheese'),('other vegetables,soft cheese'),('other vegetables,sugar'),('other vegetables,tropical fruit'),('other vegetables,waffles'),('other vegetables,whipped/sour cream'),('other vegetables,white bread'),('other vegetables,whole milk'),('other vegetables,yogurt'),('pasta,whole milk'),('rolls/buns,pastry'),('pastry,soda'),('pastry,whole milk'),('pickled vegetables,whole milk'),('pip fruit,tropical fruit'),('pip fruit,whole milk'),('pip fruit,yogurt'),('pork,root vegetables'),('pork,whole milk'),('pot plants,whole milk'),('processed cheese,whole milk'),('rolls/buns,root vegetables'),('rolls/buns,sausage'),('sliced cheese,rolls/buns'),('soft cheese,rolls/buns'),('rolls/buns,tropical fruit'),('waffles,rolls/buns'),('rolls/buns,whole milk'),('yogurt,rolls/buns'),('sliced cheese,root vegetables'),('whipped/sour cream,root vegetables'),('whole milk,root vegetables'),('yogurt,root vegetables'),('salty snack,soda'),('salty snack,whole milk'),('sliced cheese,sausage'),('soda,sausage'),('whole milk,sausage'),('semi-finished bread,whole milk'),('shopping bags,soda'),('shopping bags,whole milk'),('sliced cheese,whole milk'),('yogurt,sliced cheese'),('specialty bar,soda'),('waffles,soda'),('white bread,soda'),('soda,whole milk'),('soft cheese,whole milk'),('soft cheese,yogurt'),('specialty bar,whole milk'),('whole milk,specialty chocolate'),('whole milk,sugar'),('whole milk,tropical fruit'),('yogurt,tropical fruit'),('waffles,whole milk'),('whipped/sour cream,whole milk'),('yogurt,whipped/sour cream'),('white bread,whole milk'),('yogurt,whole milk'),('0,UHT-milk,bottled water'),('other vegetables,0,UHT-milk'),('0,UHT-milk,rolls/buns'),('0,UHT-milk,soda'),('yogurt,0,UHT-milk'),('other vegetables,0,baking powder'),('0,baking powder,whole milk'),('bottled water,0,beef'),('butter,0,beef'),('0,citrus fruit,beef'),('0,domestic eggs,beef'),('0,margarine,beef'),('newspapers,0,beef'),('other vegetables,0,beef'),('0,pastry,beef'),('pork,0,beef'),('0,rolls/buns,beef'),('0,root vegetables,beef'),('0,sausage,beef'),('0,soda,beef'),('0,tropical fruit,beef'),('0,whipped/sour cream,beef'),('0,whole milk,beef'),('yogurt,0,beef'),('0,citrus fruit,berries'),('other vegetables,0,berries'),('0,rolls/buns,berries'),('0,root vegetables,berries'),('0,soda,berries'),('0,tropical fruit,berries'),('0,whipped/sour cream,berries'),('0,whole milk,berries'),('yogurt,0,berries'),('0,whole milk,beverages'),('yogurt,0,beverages'),('bottled water,0,bottled beer'),('butter,0,bottled beer'),('0,citrus fruit,bottled beer'),('0,frankfurter,bottled beer'),('fruit/vegetable juice,0,bottled beer'),('0,margarine,bottled beer'),('other vegetables,0,bottled beer'),('pip fruit,0,bottled beer'),('0,rolls/buns,bottled beer'),('0,root vegetables,bottled beer'),('0,sausage,bottled beer'),('0,shopping bags,bottled beer'),('0,soda,bottled beer'),('0,tropical fruit,bottled beer'),('0,whole milk,bottled beer'),('yogurt,0,bottled beer'),('0,brown bread,bottled water'),('butter,0,bottled water'),('0,canned beer,bottled water'),('0,chocolate,bottled water'),('0,citrus fruit,bottled water'),('coffee,0,bottled water'),('0,cream cheese ,bottled water'),('curd,0,bottled water'),('0,domestic eggs,bottled water'),('0,frankfurter,bottled water'),('frozen vegetables,0,bottled water'),('fruit/vegetable juice,0,bottled water'),('0,hygiene articles,bottled water'),('0,margarine,bottled water'),('0,napkins,bottled water'),('newspapers,0,bottled water'),('0,onions,bottled water'),('other vegetables,0,bottled water'),('0,pastry,bottled water'),('pip fruit,0,bottled water'),('pork,0,bottled water'),('0,rolls/buns,bottled water'),('0,root vegetables,bottled water'),('0,sausage,bottled water'),('0,shopping bags,bottled water'),('0,soda,bottled water'),('0,tropical fruit,bottled water'),('0,whipped/sour cream,bottled water'),('0,whole milk,bottled water'),('yogurt,0,bottled water'),('butter,0,brown bread'),('0,citrus fruit,brown bread'),('domestic eggs,0,brown bread'),('0,frankfurter,brown bread'),('fruit/vegetable juice,0,brown bread'),('0,margarine,brown bread'),('newspapers,0,brown bread'),('other vegetables,0,brown bread'),('0,brown bread,pastry'),('pip fruit,0,brown bread'),('pork,0,brown bread'),('0,rolls/buns,brown bread'),('0,brown bread,root vegetables'),('0,brown bread,sausage'),('0,brown bread,shopping bags'),('0,brown bread,soda'),('0,brown bread,tropical fruit'),('0,brown bread,whole milk'),('yogurt,0,brown bread'),('chicken,butter,0'),('butter,0,chocolate'),('butter,0,citrus fruit'),('butter,0,curd'),('butter,0,domestic eggs'),('frozen vegetables,butter,0'),('butter,0,fruit/vegetable juice'),('butter,0,margarine'),('newspapers,butter,0'),('other vegetables,butter,0'),('butter,0,pastry'),('pip fruit,butter,0'),('pork,butter,0'),('butter,0,rolls/buns'),('butter,0,root vegetables'),('butter,0,sausage'),('butter,0,soda'),('butter,0,tropical fruit'),('butter,0,whipped/sour cream'),('butter,0,whole milk'),('yogurt,butter,0'),('other vegetables,0,butter milk'),('0,rolls/buns,butter milk'),('0,tropical fruit,butter milk'),('0,whole milk,butter milk'),('yogurt,0,butter milk'),('0,cake bar,whole milk'),('candy,0,other vegetables'),('candy,0,rolls/buns'),('candy,0,soda'),('candy,0,tropical fruit'),('candy,0,whole milk'),('candy,yogurt,0'),('other vegetables,0,canned beer'),('rolls/buns,0,canned beer'),('0,canned beer,sausage'),('0,canned beer,shopping bags'),('0,canned beer,soda'),('0,canned beer,whole milk'),('yogurt,0,canned beer'),('other vegetables,0,cat food'),('0,cat food,whole milk'),('yogurt,0,cat food'),('chewing gum,0,soda'),('chicken,0,citrus fruit'),('chicken,0,domestic eggs'),('chicken,0,frozen vegetables'),('chicken,0,other vegetables'),('chicken,pork,0'),('chicken,0,rolls/buns'),('chicken,0,root vegetables'),('chicken,0,soda'),('chicken,0,tropical fruit'),('chicken,0,whipped/sour cream'),('chicken,0,whole milk'),('chicken,yogurt,0'),('0,citrus fruit,chocolate'),('fruit/vegetable juice,0,chocolate'),('newspapers,0,chocolate'),('other vegetables,0,chocolate'),('0,chocolate,pastry'),('pip fruit,0,chocolate'),('0,rolls/buns,chocolate'),('0,chocolate,root vegetables'),('0,chocolate,sausage'),('0,chocolate,shopping bags'),('0,chocolate,soda'),('0,chocolate,tropical fruit'),('0,waffles,chocolate'),('0,chocolate,whole milk'),('yogurt,0,chocolate'),('coffee,0,citrus fruit'),('0,citrus fruit,cream cheese '),('curd,0,citrus fruit'),('domestic eggs,0,citrus fruit'),('0,frankfurter,citrus fruit'),('frozen vegetables,0,citrus fruit'),('fruit/vegetable juice,0,citrus fruit'),('0,margarine,citrus fruit'),('0,citrus fruit,napkins'),('newspapers,0,citrus fruit'),('0,onions,citrus fruit'),('other vegetables,0,citrus fruit'),('0,citrus fruit,pastry'),('pip fruit,0,citrus fruit'),('pork,0,citrus fruit'),('0,rolls/buns,citrus fruit'),('0,citrus fruit,root vegetables'),('0,citrus fruit,sausage'),('0,citrus fruit,shopping bags'),('0,citrus fruit,soda'),('0,citrus fruit,tropical fruit'),('0,whipped/sour cream,citrus fruit'),('0,citrus fruit,whole milk'),('yogurt,0,citrus fruit'),('coffee,0,fruit/vegetable juice'),('other vegetables,coffee,0'),('coffee,0,pastry'),('pip fruit,coffee,0'),('coffee,0,rolls/buns'),('coffee,0,root vegetables'),('coffee,0,sausage'),('coffee,0,shopping bags'),('coffee,0,soda'),('coffee,0,tropical fruit'),('coffee,0,whipped/sour cream'),('coffee,0,whole milk'),('yogurt,coffee,0'),('fruit/vegetable juice,0,cream cheese '),('other vegetables,0,cream cheese '),('pip fruit,0,cream cheese '),('0,rolls/buns,cream cheese '),('0,cream cheese ,root vegetables'),('0,cream cheese ,sausage'),('0,shopping bags,cream cheese '),('0,soda,cream cheese '),('0,cream cheese ,tropical fruit'),('0,whipped/sour cream,cream cheese '),('0,whole milk,cream cheese '),('yogurt,0,cream cheese '),('curd,0,domestic eggs'),('curd,0,margarine'),('newspapers,curd,0'),('other vegetables,curd,0'),('curd,0,pastry'),('pip fruit,curd,0'),('curd,0,rolls/buns'),('curd,0,root vegetables'),('curd,0,sausage'),('curd,0,shopping bags'),('curd,0,soda'),('curd,0,tropical fruit'),('curd,0,whipped/sour cream'),('curd,0,whole milk'),('yogurt,curd,0'),('fruit/vegetable juice,0,dessert'),('other vegetables,0,dessert'),('0,dessert,pastry'),('rolls/buns,0,dessert'),('0,dessert,root vegetables'),('0,dessert,sausage'),('0,dessert,shopping bags'),('0,dessert,soda'),('0,dessert,tropical fruit'),('0,dessert,whole milk'),('yogurt,0,dessert'),('other vegetables,0,detergent'),('0,detergent,whole milk'),('dishes,0,other vegetables'),('0,frankfurter,domestic eggs'),('fruit/vegetable juice,0,domestic eggs'),('0,margarine,domestic eggs'),('0,domestic eggs,napkins'),('newspapers,0,domestic eggs'),('other vegetables,0,domestic eggs'),('0,domestic eggs,pastry'),('pip fruit,0,domestic eggs'),('pork,0,domestic eggs'),('0,rolls/buns,domestic eggs'),('0,domestic eggs,root vegetables'),('0,domestic eggs,sausage'),('0,domestic eggs,shopping bags'),('0,domestic eggs,soda'),('0,domestic eggs,tropical fruit'),('0,whipped/sour cream,domestic eggs'),('0,white bread,domestic eggs'),('0,domestic eggs,whole milk'),('yogurt,0,domestic eggs'),('other vegetables,flour,0'),('flour,0,whole milk'),('margarine,0,frankfurter'),('other vegetables,0,frankfurter'),('0,frankfurter,pastry'),('pip fruit,0,frankfurter'),('pork,0,frankfurter'),('rolls/buns,0,frankfurter'),('0,frankfurter,root vegetables'),('0,frankfurter,sausage'),('0,frankfurter,shopping bags'),('0,frankfurter,soda'),('0,frankfurter,tropical fruit'),('0,frankfurter,whipped/sour cream'),('0,frankfurter,whole milk'),('yogurt,0,frankfurter'),('other vegetables,0,frozen meals'),('0,soda,frozen meals'),('0,frozen meals,tropical fruit'),('0,whole milk,frozen meals'),('yogurt,0,frozen meals'),('frozen vegetables,fruit/vegetable juice,0'),('frozen vegetables,0,other vegetables'),('frozen vegetables,0,pip fruit'),('frozen vegetables,pork,0'),('frozen vegetables,0,rolls/buns'),('frozen vegetables,0,root vegetables'),('frozen vegetables,0,sausage'),('frozen vegetables,0,soda'),('frozen vegetables,0,tropical fruit'),('frozen vegetables,0,whipped/sour cream'),('frozen vegetables,0,whole milk'),('frozen vegetables,yogurt,0'),('fruit/vegetable juice,0,long life bakery product'),('fruit/vegetable juice,0,margarine'),('fruit/vegetable juice,0,napkins'),('newspapers,fruit/vegetable juice,0'),('other vegetables,fruit/vegetable juice,0'),('fruit/vegetable juice,0,pastry'),('pip fruit,fruit/vegetable juice,0'),('fruit/vegetable juice,0,rolls/buns'),('fruit/vegetable juice,0,root vegetables'),('salty snack,fruit/vegetable juice,0'),('fruit/vegetable juice,0,sausage'),('fruit/vegetable juice,0,shopping bags'),('fruit/vegetable juice,0,soda'),('fruit/vegetable juice,0,tropical fruit'),('fruit/vegetable juice,0,whipped/sour cream'),('fruit/vegetable juice,0,white bread'),('fruit/vegetable juice,0,whole milk'),('yogurt,fruit/vegetable juice,0'),('other vegetables,0,grapes'),('0,tropical fruit,grapes'),('0,whole milk,grapes'),('other vegetables,0,ham'),('0,ham,rolls/buns'),('0,ham,whole milk'),('yogurt,0,ham'),('hamburger meat,0,other vegetables'),('hamburger meat,0,rolls/buns'),('hamburger meat,0,root vegetables'),('hamburger meat,0,soda'),('hamburger meat,0,whole milk'),('hamburger meat,yogurt,0'),('other vegetables,0,hard cheese'),('0,hard cheese,rolls/buns'),('0,hard cheese,root vegetables'),('0,hard cheese,whole milk'),('yogurt,0,hard cheese'),('other vegetables,0,herbs'),('0,herbs,root vegetables'),('0,herbs,whole milk'),('0,napkins,hygiene articles'),('other vegetables,0,hygiene articles'),('0,rolls/buns,hygiene articles'),('0,soda,hygiene articles'),('0,hygiene articles,tropical fruit'),('0,whole milk,hygiene articles'),('yogurt,0,hygiene articles'),('0,ice cream,soda'),('0,ice cream,whole milk'),('other vegetables,0,long life bakery product'),('0,pastry,long life bakery product'),('0,rolls/buns,long life bakery product'),('0,long life bakery product,sausage'),('0,shopping bags,long life bakery product'),('0,soda,long life bakery product'),('0,long life bakery product,tropical fruit'),('0,whipped/sour cream,long life bakery product'),('0,whole milk,long life bakery product'),('yogurt,0,long life bakery product'),('newspapers,0,margarine'),('other vegetables,0,margarine'),('0,margarine,pastry'),('pip fruit,0,margarine'),('pork,0,margarine'),('rolls/buns,0,margarine'),('0,margarine,root vegetables'),('0,margarine,sausage'),('0,margarine,shopping bags'),('0,margarine,soda'),('0,margarine,sugar'),('0,margarine,tropical fruit'),('0,margarine,whipped/sour cream'),('0,margarine,whole milk'),('yogurt,0,margarine'),('other vegetables,0,meat'),('rolls/buns,0,meat'),('0,meat,soda'),('0,meat,whole milk'),('misc. beverages,0,other vegetables'),('misc. beverages,0,soda'),('misc. beverages,0,whole milk'),('newspapers,0,napkins'),('other vegetables,0,napkins'),('0,pastry,napkins'),('pip fruit,0,napkins'),('0,rolls/buns,napkins'),('0,napkins,root vegetables'),('0,napkins,sausage'),('0,shopping bags,napkins'),('0,soda,napkins'),('0,napkins,tropical fruit'),('0,whipped/sour cream,napkins'),('0,whole milk,napkins'),('yogurt,0,napkins'),('other vegetables,newspapers,0'),('newspapers,0,pastry'),('pip fruit,newspapers,0'),('pork,newspapers,0'),('newspapers,0,rolls/buns'),('newspapers,0,root vegetables'),('newspapers,0,sausage'),('newspapers,0,shopping bags'),('newspapers,0,soda'),('newspapers,0,tropical fruit'),('newspapers,0,whipped/sour cream'),('newspapers,0,whole milk'),('yogurt,newspapers,0'),('other vegetables,0,oil'),('0,oil,root vegetables'),('0,whole milk,oil'),('other vegetables,0,onions'),('rolls/buns,0,onions'),('0,onions,root vegetables'),('0,onions,tropical fruit'),('0,onions,whole milk'),('yogurt,0,onions'),('other vegetables,0,pastry'),('other vegetables,pickled vegetables,0'),('other vegetables,0,pip fruit'),('other vegetables,pork,0'),('other vegetables,0,processed cheese'),('other vegetables,0,rolls/buns'),('other vegetables,0,root vegetables'),('other vegetables,0,salty snack'),('other vegetables,0,sausage'),('other vegetables,0,shopping bags'),('other vegetables,0,sliced cheese'),('other vegetables,0,soda'),('other vegetables,0,soft cheese'),('other vegetables,specialty bar,0'),('other vegetables,0,specialty chocolate'),('other vegetables,0,sugar'),('other vegetables,0,tropical fruit'),('other vegetables,0,waffles'),('other vegetables,0,whipped/sour cream'),('other vegetables,0,white bread'),('other vegetables,0,whole milk'),('other vegetables,yogurt,0'),('0,pasta,whole milk'),('pip fruit,0,pastry'),('pork,0,pastry'),('0,rolls/buns,pastry'),('0,pastry,root vegetables'),('0,pastry,sausage'),('0,pastry,shopping bags'),('0,pastry,soda'),('0,pastry,tropical fruit'),('0,waffles,pastry'),('0,whipped/sour cream,pastry'),('0,white bread,pastry'),('0,pastry,whole milk'),('yogurt,0,pastry'),('pickled vegetables,0,whole milk'),('pip fruit,pork,0'),('pip fruit,0,rolls/buns'),('pip fruit,0,root vegetables'),('pip fruit,0,sausage'),('pip fruit,0,shopping bags'),('pip fruit,0,soda'),('pip fruit,0,tropical fruit'),('pip fruit,0,whipped/sour cream'),('pip fruit,0,white bread'),('pip fruit,0,whole milk'),('pip fruit,yogurt,0'),('pork,0,rolls/buns'),('pork,0,root vegetables'),('pork,0,sausage'),('pork,0,shopping bags'),('pork,0,soda'),('pork,0,tropical fruit'),('pork,0,whipped/sour cream'),('pork,0,whole milk'),('yogurt,pork,0'),('pot plants,0,whole milk'),('0,processed cheese,whole milk'),('0,rolls/buns,root vegetables'),('0,rolls/buns,sausage'),('0,rolls/buns,shopping bags'),('sliced cheese,0,rolls/buns'),('0,rolls/buns,soda'),('specialty bar,0,rolls/buns'),('0,rolls/buns,specialty chocolate'),('0,rolls/buns,sugar'),('0,rolls/buns,tropical fruit'),('0,waffles,rolls/buns'),('0,rolls/buns,whipped/sour cream'),('white bread,0,rolls/buns'),('0,rolls/buns,whole milk'),('yogurt,0,rolls/buns'),('0,root vegetables,sausage'),('0,shopping bags,root vegetables'),('0,sliced cheese,root vegetables'),('0,soda,root vegetables'),('0,root vegetables,sugar'),('0,root vegetables,tropical fruit'),('0,waffles,root vegetables'),('0,whipped/sour cream,root vegetables'),('0,white bread,root vegetables'),('0,whole milk,root vegetables'),('yogurt,0,root vegetables'),('salty snack,0,shopping bags'),('salty snack,0,soda'),('salty snack,0,tropical fruit'),('salty snack,0,whole milk'),('salty snack,yogurt,0'),('0,shopping bags,sausage'),('0,sliced cheese,sausage'),('0,soda,sausage'),('0,tropical fruit,sausage'),('0,whipped/sour cream,sausage'),('0,white bread,sausage'),('0,whole milk,sausage'),('yogurt,0,sausage'),('0,semi-finished bread,whole milk'),('0,shopping bags,soda'),('0,shopping bags,tropical fruit'),('0,waffles,shopping bags'),('0,whipped/sour cream,shopping bags'),('0,white bread,shopping bags'),('0,shopping bags,whole milk'),('yogurt,0,shopping bags'),('0,sliced cheese,whole milk'),('yogurt,0,sliced cheese'),('specialty bar,0,soda'),('0,soda,specialty chocolate'),('0,soda,sugar'),('0,soda,tropical fruit'),('0,waffles,soda'),('0,whipped/sour cream,soda'),('0,white bread,soda'),('0,soda,whole milk'),('yogurt,0,soda'),('soft cheese,0,whole milk'),('soft cheese,yogurt,0'),('specialty bar,0,whole milk'),('0,whole milk,specialty chocolate'),('0,whole milk,sugar'),('yogurt,0,sugar'),('0,waffles,tropical fruit'),('0,whipped/sour cream,tropical fruit'),('0,white bread,tropical fruit'),('0,whole milk,tropical fruit'),('yogurt,0,tropical fruit'),('0,waffles,whole milk'),('yogurt,0,waffles'),('0,white bread,whipped/sour cream'),('0,whipped/sour cream,whole milk'),('yogurt,0,whipped/sour cream'),('0,white bread,whole milk'),('yogurt,0,white bread'),('yogurt,0,whole milk'),('other vegetables,rolls/buns,beef'),('other vegetables,root vegetables,beef'),('other vegetables,whole milk,beef'),('rolls/buns,whole milk,beef'),('whole milk,root vegetables,beef'),('yogurt,whole milk,beef'),('bottled water,whole milk,bottled beer'),('other vegetables,whole milk,bottled beer'),('rolls/buns,whole milk,bottled beer'),('butter,bottled water,whole milk'),('bottled water,citrus fruit,whole milk'),('fruit/vegetable juice,bottled water,whole milk'),('other vegetables,bottled water,rolls/buns'),('other vegetables,bottled water,root vegetables'),('other vegetables,bottled water,soda'),('other vegetables,bottled water,tropical fruit'),('other vegetables,bottled water,whole milk'),('other vegetables,yogurt,bottled water'),('bottled water,rolls/buns,soda'),('bottled water,rolls/buns,tropical fruit'),('bottled water,rolls/buns,whole milk'),('yogurt,bottled water,rolls/buns'),('bottled water,whole milk,root vegetables'),('bottled water,soda,whole milk'),('yogurt,bottled water,soda'),('bottled water,whole milk,tropical fruit'),('yogurt,bottled water,tropical fruit'),('yogurt,bottled water,whole milk'),('other vegetables,brown bread,whole milk'),('whole milk,brown bread,root vegetables'),('brown bread,whole milk,tropical fruit'),('yogurt,brown bread,whole milk'),('butter,domestic eggs,whole milk'),('other vegetables,butter,rolls/buns'),('other vegetables,butter,root vegetables'),('other vegetables,butter,tropical fruit'),('other vegetables,butter,whipped/sour cream'),('other vegetables,butter,whole milk'),('other vegetables,yogurt,butter'),('butter,rolls/buns,whole milk'),('butter,whole milk,root vegetables'),('butter,whole milk,tropical fruit'),('butter,whipped/sour cream,whole milk'),('yogurt,butter,whole milk'),('chicken,other vegetables,root vegetables'),('chicken,other vegetables,whole milk'),('chicken,whole milk,root vegetables'),('other vegetables,chocolate,whole milk'),('domestic eggs,citrus fruit,whole milk'),('other vegetables,pip fruit,citrus fruit'),('other vegetables,rolls/buns,citrus fruit'),('other vegetables,citrus fruit,root vegetables'),('other vegetables,citrus fruit,tropical fruit'),('other vegetables,whipped/sour cream,citrus fruit'),('other vegetables,citrus fruit,whole milk'),('other vegetables,yogurt,citrus fruit'),('pip fruit,citrus fruit,tropical fruit'),('rolls/buns,citrus fruit,whole milk'),('yogurt,rolls/buns,citrus fruit'),('citrus fruit,root vegetables,tropical fruit'),('whole milk,citrus fruit,root vegetables'),('citrus fruit,whole milk,tropical fruit'),('yogurt,citrus fruit,tropical fruit'),('whipped/sour cream,citrus fruit,whole milk'),('yogurt,citrus fruit,whole milk'),('other vegetables,coffee,whole milk'),('other vegetables,whole milk,cream cheese '),('yogurt,whole milk,cream cheese '),('other vegetables,curd,root vegetables'),('other vegetables,curd,whole milk'),('other vegetables,curd,yogurt'),('curd,rolls/buns,whole milk'),('curd,whole milk,root vegetables'),('curd,whole milk,tropical fruit'),('curd,whipped/sour cream,whole milk'),('yogurt,curd,whole milk'),('other vegetables,rolls/buns,domestic eggs'),('other vegetables,domestic eggs,root vegetables'),('other vegetables,domestic eggs,whole milk'),('other vegetables,yogurt,domestic eggs'),('pip fruit,domestic eggs,whole milk'),('rolls/buns,domestic eggs,whole milk'),('whole milk,domestic eggs,root vegetables'),('domestic eggs,whole milk,tropical fruit'),('whipped/sour cream,domestic eggs,whole milk'),('yogurt,domestic eggs,whole milk'),('other vegetables,frankfurter,rolls/buns'),('other vegetables,frankfurter,whole milk'),('rolls/buns,frankfurter,whole milk'),('yogurt,frankfurter,whole milk'),('frozen vegetables,other vegetables,root vegetables'),('frozen vegetables,other vegetables,whole milk'),('frozen vegetables,whole milk,root vegetables'),('frozen vegetables,yogurt,whole milk'),('other vegetables,fruit/vegetable juice,root vegetables'),('other vegetables,fruit/vegetable juice,tropical fruit'),('other vegetables,fruit/vegetable juice,whole milk'),('other vegetables,fruit/vegetable juice,yogurt'),('fruit/vegetable juice,rolls/buns,whole milk'),('fruit/vegetable juice,whole milk,root vegetables'),('fruit/vegetable juice,soda,whole milk'),('fruit/vegetable juice,whole milk,tropical fruit'),('yogurt,fruit/vegetable juice,whole milk'),('hamburger meat,other vegetables,whole milk'),('other vegetables,whole milk,long life bakery product'),('other vegetables,margarine,root vegetables'),('other vegetables,margarine,whole milk'),('other vegetables,yogurt,margarine'),('rolls/buns,margarine,whole milk'),('yogurt,margarine,whole milk'),('other vegetables,whole milk,napkins'),('yogurt,whole milk,napkins'),('other vegetables,newspapers,rolls/buns'),('other vegetables,newspapers,root vegetables'),('other vegetables,newspapers,whole milk'),('other vegetables,newspapers,yogurt'),('newspapers,rolls/buns,whole milk'),('newspapers,whole milk,root vegetables'),('yogurt,newspapers,whole milk'),('other vegetables,onions,root vegetables'),('other vegetables,onions,whole milk'),('other vegetables,rolls/buns,pastry'),('other vegetables,pastry,root vegetables'),('other vegetables,pastry,soda'),('other vegetables,pastry,whole milk'),('other vegetables,yogurt,pastry'),('other vegetables,pip fruit,root vegetables'),('other vegetables,pip fruit,tropical fruit'),('other vegetables,pip fruit,whipped/sour cream'),('other vegetables,pip fruit,whole milk'),('other vegetables,yogurt,pip fruit'),('other vegetables,pork,rolls/buns'),('other vegetables,pork,root vegetables'),('other vegetables,pork,whole milk'),('other vegetables,rolls/buns,root vegetables'),('other vegetables,rolls/buns,sausage'),('other vegetables,rolls/buns,soda'),('other vegetables,rolls/buns,tropical fruit'),('other vegetables,rolls/buns,whipped/sour cream'),('other vegetables,rolls/buns,whole milk'),('other vegetables,yogurt,rolls/buns'),('other vegetables,root vegetables,sausage'),('other vegetables,shopping bags,root vegetables'),('other vegetables,soda,root vegetables'),('other vegetables,root vegetables,tropical fruit'),('other vegetables,whipped/sour cream,root vegetables'),('other vegetables,whole milk,root vegetables'),('other vegetables,yogurt,root vegetables'),('other vegetables,shopping bags,sausage'),('other vegetables,soda,sausage'),('other vegetables,tropical fruit,sausage'),('other vegetables,whole milk,sausage'),('other vegetables,yogurt,sausage'),('other vegetables,shopping bags,soda'),('other vegetables,shopping bags,whole milk'),('other vegetables,yogurt,shopping bags'),('other vegetables,soda,tropical fruit'),('other vegetables,soda,whole milk'),('other vegetables,yogurt,soda'),('other vegetables,whole milk,sugar'),('other vegetables,whipped/sour cream,tropical fruit'),('other vegetables,whole milk,tropical fruit'),('other vegetables,yogurt,tropical fruit'),('other vegetables,whipped/sour cream,whole milk'),('other vegetables,yogurt,whipped/sour cream'),('other vegetables,white bread,whole milk'),('other vegetables,yogurt,whole milk'),('rolls/buns,pastry,soda'),('rolls/buns,pastry,whole milk'),('yogurt,rolls/buns,pastry'),('whole milk,pastry,root vegetables'),('pastry,whole milk,sausage'),('whole milk,pastry,soda'),('pastry,whole milk,tropical fruit'),('yogurt,pastry,whole milk'),('pip fruit,rolls/buns,whole milk'),('pip fruit,whole milk,root vegetables'),('pip fruit,whole milk,sausage'),('pip fruit,whole milk,tropical fruit'),('pip fruit,yogurt,tropical fruit'),('pip fruit,whipped/sour cream,whole milk'),('pip fruit,yogurt,whole milk'),('pork,rolls/buns,whole milk'),('pork,whole milk,root vegetables'),('rolls/buns,root vegetables,tropical fruit'),('rolls/buns,whole milk,root vegetables'),('yogurt,rolls/buns,root vegetables'),('rolls/buns,shopping bags,sausage'),('rolls/buns,soda,sausage'),('rolls/buns,whole milk,sausage'),('yogurt,rolls/buns,sausage'),('rolls/buns,shopping bags,soda'),('rolls/buns,soda,tropical fruit'),('rolls/buns,soda,whole milk'),('yogurt,rolls/buns,soda'),('rolls/buns,whole milk,tropical fruit'),('yogurt,rolls/buns,tropical fruit'),('rolls/buns,whipped/sour cream,whole milk'),('yogurt,rolls/buns,whole milk'),('whole milk,root vegetables,sausage'),('whole milk,soda,root vegetables'),('whole milk,root vegetables,tropical fruit'),('yogurt,root vegetables,tropical fruit'),('whole milk,whipped/sour cream,root vegetables'),('yogurt,whipped/sour cream,root vegetables'),('yogurt,whole milk,root vegetables'),('shopping bags,soda,sausage'),('soda,whole milk,sausage'),('yogurt,soda,sausage'),('tropical fruit,whole milk,sausage'),('yogurt,whole milk,sausage'),('whole milk,shopping bags,soda'),('soda,whole milk,tropical fruit'),('yogurt,soda,tropical fruit'),('whipped/sour cream,soda,whole milk'),('yogurt,soda,whole milk'),('whipped/sour cream,whole milk,tropical fruit'),('yogurt,whipped/sour cream,tropical fruit'),('yogurt,whole milk,tropical fruit'),('yogurt,whipped/sour cream,whole milk'),('other vegetables,0,rolls/buns,beef'),('other vegetables,0,root vegetables,beef'),('other vegetables,0,whole milk,beef'),('0,rolls/buns,whole milk,beef'),('0,whole milk,root vegetables,beef'),('yogurt,0,whole milk,beef'),('bottled water,0,whole milk,bottled beer'),('other vegetables,0,whole milk,bottled beer'),('0,rolls/buns,whole milk,bottled beer'),('butter,0,whole milk,bottled water'),('0,citrus fruit,whole milk,bottled water'),('fruit/vegetable juice,0,whole milk,bottled water'),('other vegetables,0,rolls/buns,bottled water'),('other vegetables,0,root vegetables,bottled water'),('other vegetables,0,soda,bottled water'),('other vegetables,0,tropical fruit,bottled water'),('other vegetables,0,whole milk,bottled water'),('other vegetables,yogurt,0,bottled water'),('0,rolls/buns,soda,bottled water'),('0,tropical fruit,rolls/buns,bottled water'),('0,rolls/buns,whole milk,bottled water'),('yogurt,0,rolls/buns,bottled water'),('0,whole milk,root vegetables,bottled water'),('0,soda,whole milk,bottled water'),('yogurt,0,soda,bottled water'),('0,tropical fruit,whole milk,bottled water'),('yogurt,0,tropical fruit,bottled water'),('yogurt,0,whole milk,bottled water'),('other vegetables,0,brown bread,whole milk'),('whole milk,0,brown bread,root vegetables'),('0,brown bread,whole milk,tropical fruit'),('yogurt,0,brown bread,whole milk'),('butter,0,domestic eggs,whole milk'),('other vegetables,butter,0,rolls/buns'),('other vegetables,butter,0,root vegetables'),('other vegetables,butter,0,tropical fruit'),('other vegetables,butter,0,whipped/sour cream'),('other vegetables,butter,0,whole milk'),('other vegetables,butter,0,yogurt'),('butter,0,rolls/buns,whole milk'),('butter,0,whole milk,root vegetables'),('butter,0,whole milk,tropical fruit'),('butter,0,whipped/sour cream,whole milk'),('yogurt,butter,0,whole milk'),('chicken,0,other vegetables,root vegetables'),('chicken,0,other vegetables,whole milk'),('chicken,0,whole milk,root vegetables'),('other vegetables,0,chocolate,whole milk'),('domestic eggs,0,citrus fruit,whole milk'),('other vegetables,0,pip fruit,citrus fruit'),('other vegetables,0,rolls/buns,citrus fruit'),('other vegetables,0,citrus fruit,root vegetables'),('other vegetables,0,citrus fruit,tropical fruit'),('other vegetables,0,whipped/sour cream,citrus fruit'),('other vegetables,0,citrus fruit,whole milk'),('other vegetables,yogurt,0,citrus fruit'),('pip fruit,0,citrus fruit,tropical fruit'),('0,rolls/buns,citrus fruit,whole milk'),('yogurt,0,rolls/buns,citrus fruit'),('0,citrus fruit,root vegetables,tropical fruit'),('whole milk,0,citrus fruit,root vegetables'),('0,citrus fruit,whole milk,tropical fruit'),('yogurt,0,citrus fruit,tropical fruit'),('0,whipped/sour cream,citrus fruit,whole milk'),('yogurt,0,citrus fruit,whole milk'),('other vegetables,coffee,0,whole milk'),('other vegetables,0,whole milk,cream cheese '),('yogurt,0,whole milk,cream cheese '),('other vegetables,curd,0,root vegetables'),('other vegetables,curd,0,whole milk'),('other vegetables,curd,0,yogurt'),('curd,0,rolls/buns,whole milk'),('curd,0,whole milk,root vegetables'),('curd,0,whole milk,tropical fruit'),('curd,0,whipped/sour cream,whole milk'),('yogurt,curd,0,whole milk'),('other vegetables,0,rolls/buns,domestic eggs'),('other vegetables,0,domestic eggs,root vegetables'),('other vegetables,0,domestic eggs,whole milk'),('other vegetables,yogurt,0,domestic eggs'),('pip fruit,0,domestic eggs,whole milk'),('0,rolls/buns,domestic eggs,whole milk'),('whole milk,0,domestic eggs,root vegetables'),('0,domestic eggs,whole milk,tropical fruit'),('0,whipped/sour cream,domestic eggs,whole milk'),('yogurt,0,domestic eggs,whole milk'),('other vegetables,0,frankfurter,rolls/buns'),('other vegetables,0,frankfurter,whole milk'),('rolls/buns,0,frankfurter,whole milk'),('yogurt,0,frankfurter,whole milk'),('frozen vegetables,0,other vegetables,root vegetables'),('frozen vegetables,0,other vegetables,whole milk'),('frozen vegetables,0,whole milk,root vegetables'),('frozen vegetables,yogurt,0,whole milk'),('other vegetables,fruit/vegetable juice,0,root vegetables'),('other vegetables,fruit/vegetable juice,0,tropical fruit'),('other vegetables,fruit/vegetable juice,0,whole milk'),('other vegetables,fruit/vegetable juice,0,yogurt'),('fruit/vegetable juice,0,rolls/buns,whole milk'),('fruit/vegetable juice,0,whole milk,root vegetables'),('fruit/vegetable juice,0,soda,whole milk'),('fruit/vegetable juice,0,whole milk,tropical fruit'),('yogurt,fruit/vegetable juice,0,whole milk'),('hamburger meat,0,other vegetables,whole milk'),('other vegetables,0,whole milk,long life bakery product'),('other vegetables,0,margarine,root vegetables'),('other vegetables,0,margarine,whole milk'),('other vegetables,yogurt,0,margarine'),('rolls/buns,0,margarine,whole milk'),('yogurt,0,margarine,whole milk'),('other vegetables,0,whole milk,napkins'),('yogurt,0,whole milk,napkins'),('other vegetables,newspapers,0,rolls/buns'),('other vegetables,newspapers,0,root vegetables'),('other vegetables,newspapers,0,whole milk'),('other vegetables,newspapers,0,yogurt'),('newspapers,0,rolls/buns,whole milk'),('newspapers,0,whole milk,root vegetables'),('yogurt,newspapers,0,whole milk'),('other vegetables,0,onions,root vegetables'),('other vegetables,0,onions,whole milk'),('other vegetables,0,rolls/buns,pastry'),('other vegetables,0,pastry,root vegetables'),('other vegetables,0,pastry,soda'),('other vegetables,0,pastry,whole milk'),('other vegetables,yogurt,0,pastry'),('other vegetables,0,pip fruit,root vegetables'),('other vegetables,0,pip fruit,tropical fruit'),('other vegetables,0,pip fruit,whipped/sour cream'),('other vegetables,0,pip fruit,whole milk'),('other vegetables,yogurt,0,pip fruit'),('other vegetables,pork,0,rolls/buns'),('other vegetables,pork,0,root vegetables'),('other vegetables,pork,0,whole milk'),('other vegetables,0,rolls/buns,root vegetables'),('other vegetables,0,rolls/buns,sausage'),('other vegetables,0,rolls/buns,soda'),('other vegetables,0,rolls/buns,tropical fruit'),('other vegetables,0,rolls/buns,whipped/sour cream'),('other vegetables,0,rolls/buns,whole milk'),('other vegetables,yogurt,0,rolls/buns'),('other vegetables,0,root vegetables,sausage'),('other vegetables,0,shopping bags,root vegetables'),('other vegetables,0,soda,root vegetables'),('other vegetables,0,root vegetables,tropical fruit'),('other vegetables,0,whipped/sour cream,root vegetables'),('other vegetables,0,whole milk,root vegetables'),('other vegetables,yogurt,0,root vegetables'),('other vegetables,0,shopping bags,sausage'),('other vegetables,0,soda,sausage'),('other vegetables,0,tropical fruit,sausage'),('other vegetables,0,whole milk,sausage'),('other vegetables,yogurt,0,sausage'),('other vegetables,0,shopping bags,soda'),('other vegetables,0,shopping bags,whole milk'),('other vegetables,yogurt,0,shopping bags'),('other vegetables,0,soda,tropical fruit'),('other vegetables,0,soda,whole milk'),('other vegetables,yogurt,0,soda'),('other vegetables,0,whole milk,sugar'),('other vegetables,0,whipped/sour cream,tropical fruit'),('other vegetables,0,whole milk,tropical fruit'),('other vegetables,yogurt,0,tropical fruit'),('other vegetables,0,whipped/sour cream,whole milk'),('other vegetables,yogurt,0,whipped/sour cream'),('other vegetables,0,white bread,whole milk'),('other vegetables,yogurt,0,whole milk'),('0,rolls/buns,pastry,soda'),('0,rolls/buns,pastry,whole milk'),('yogurt,0,rolls/buns,pastry'),('whole milk,0,pastry,root vegetables'),('0,pastry,whole milk,sausage'),('whole milk,0,pastry,soda'),('0,pastry,whole milk,tropical fruit'),('yogurt,0,pastry,whole milk'),('pip fruit,0,rolls/buns,whole milk'),('pip fruit,0,whole milk,root vegetables'),('pip fruit,0,whole milk,sausage'),('pip fruit,0,whole milk,tropical fruit'),('pip fruit,yogurt,0,tropical fruit'),('pip fruit,0,whipped/sour cream,whole milk'),('pip fruit,yogurt,0,whole milk'),('pork,0,rolls/buns,whole milk'),('pork,0,whole milk,root vegetables'),('0,rolls/buns,root vegetables,tropical fruit'),('0,rolls/buns,whole milk,root vegetables'),('yogurt,0,rolls/buns,root vegetables'),('0,rolls/buns,shopping bags,sausage'),('0,rolls/buns,soda,sausage'),('0,rolls/buns,whole milk,sausage'),('yogurt,0,rolls/buns,sausage'),('0,rolls/buns,shopping bags,soda'),('0,rolls/buns,soda,tropical fruit'),('0,rolls/buns,soda,whole milk'),('yogurt,0,rolls/buns,soda'),('0,rolls/buns,whole milk,tropical fruit'),('yogurt,0,rolls/buns,tropical fruit'),('0,rolls/buns,whipped/sour cream,whole milk'),('yogurt,0,rolls/buns,whole milk'),('0,whole milk,root vegetables,sausage'),('whole milk,0,soda,root vegetables'),('0,whole milk,root vegetables,tropical fruit'),('yogurt,0,root vegetables,tropical fruit'),('whole milk,0,whipped/sour cream,root vegetables'),('yogurt,0,whipped/sour cream,root vegetables'),('yogurt,0,whole milk,root vegetables'),('0,shopping bags,soda,sausage'),('0,soda,whole milk,sausage'),('yogurt,0,soda,sausage'),('0,tropical fruit,whole milk,sausage'),('yogurt,0,whole milk,sausage'),('whole milk,0,shopping bags,soda'),('0,soda,whole milk,tropical fruit'),('yogurt,0,soda,tropical fruit'),('0,whipped/sour cream,soda,whole milk'),('yogurt,0,soda,whole milk'),('0,whipped/sour cream,whole milk,tropical fruit'),('yogurt,0,whipped/sour cream,tropical fruit'),('yogurt,0,whole milk,tropical fruit'),('yogurt,0,whipped/sour cream,whole milk'),('other vegetables,whole milk,citrus fruit,root vegetables'),('other vegetables,pip fruit,whole milk,root vegetables'),('other vegetables,rolls/buns,whole milk,root vegetables'),('other vegetables,yogurt,rolls/buns,whole milk'),('other vegetables,whole milk,root vegetables,tropical fruit'),('other vegetables,yogurt,whole milk,root vegetables'),('other vegetables,yogurt,whole milk,tropical fruit'),('other vegetables,yogurt,whipped/sour cream,whole milk'),('yogurt,whole milk,root vegetables,tropical fruit'),('root vegetables,other vegetables,0,citrus fruit,whole milk'),('root vegetables,pip fruit,other vegetables,0,whole milk'),('root vegetables,rolls/buns,other vegetables,0,whole milk'),('yogurt,rolls/buns,other vegetables,0,whole milk'),('root vegetables,other vegetables,0,tropical fruit,whole milk'),('yogurt,root vegetables,other vegetables,0,whole milk'),('yogurt,other vegetables,0,tropical fruit,whole milk'),('yogurt,other vegetables,0,whipped/sour cream,whole milk');

/*Table structure for table `cart` */

DROP TABLE IF EXISTS `cart`;

CREATE TABLE `cart` (
  `id` int(11) NOT NULL AUTO_INCREMENT,
  `uid` varchar(100) DEFAULT NULL,
  `pid` varchar(100) DEFAULT NULL,
  `pname` varchar(300) DEFAULT NULL,
  `price` varchar(100) DEFAULT NULL,
  `category` varchar(100) DEFAULT NULL,
  UNIQUE KEY `id` (`id`)
) ENGINE=InnoDB DEFAULT CHARSET=latin1;

/*Data for the table `cart` */

/*Table structure for table `datepredict` */

DROP TABLE IF EXISTS `datepredict`;

CREATE TABLE `datepredict` (
  `id` int(11) NOT NULL AUTO_INCREMENT,
  `productid` varchar(50) DEFAULT NULL,
  `uid` varchar(20) DEFAULT NULL,
  `predictdate` varchar(20) DEFAULT NULL,
  `mobile` varchar(20) DEFAULT NULL,
  PRIMARY KEY (`id`)
) ENGINE=InnoDB AUTO_INCREMENT=12 DEFAULT CHARSET=latin1;

/*Data for the table `datepredict` */

insert  into `datepredict`(`id`,`productid`,`uid`,`predictdate`,`mobile`) values (1,'33','23','2020-03-11','9078563412'),(2,'34','23','2020-03-14','9078563412'),(3,'34','23','2020-03-14','9078563412'),(4,'36','23','2020-03-14','9078563412'),(5,'55','23','2020-03-14','9078563412'),(6,'33','23','2020-03-15','9078563412'),(7,'33','23','2020-03-16','9078563412'),(8,'45','24','2020-03-17','9078563412'),(9,'36','23','2020-03-18','9078563412'),(10,'37','25','2020-06-16','9078563412'),(11,'3','16','2021-02-21','7894561230');

/*Table structure for table `groceryname` */

DROP TABLE IF EXISTS `groceryname`;

CREATE TABLE `groceryname` (
  `id` int(11) NOT NULL AUTO_INCREMENT,
  `name` varchar(50) DEFAULT NULL,
  `imagename` varchar(40) DEFAULT NULL,
  `price` varchar(15) DEFAULT NULL,
  `category` varchar(40) DEFAULT NULL,
  UNIQUE KEY `id` (`id`)
) ENGINE=InnoDB AUTO_INCREMENT=1090 DEFAULT CHARSET=latin1;

/*Data for the table `groceryname` */

insert  into `groceryname`(`id`,`name`,`imagename`,`price`,`category`) values (33,'citrus fruit','citrus_fruit.jpg','200','fruit'),(34,'semi-finished bread','semi_finished_bread.jpg','100','bakery'),(35,'margarine','margarine.jpg','50','bakery'),(36,'ready soups\n','ready_soups.jpg','75','homeproduct'),(37,'tropical fruit','tropical_fruit.jpg','200','fruit'),(38,'yogurt','yogurt.jpg','500','homeproduct'),(39,'coffee\n','coffee.jpg','145','drink'),(40,'whole milk\n','whole_milk.jpg','225','bakery'),(41,'pip fruit','pip_fruit.jpg','235','fruit'),(42,'cream cheese','cream_cheese.jpg','562','bakery'),(43,'meat spreads\n','meat_spreads.jpg','456','homeproduct'),(44,'other vegetables','other_vegetables.jpg','456','homeproduct'),(45,'whole milk','whole_milk.jpg','123','bakery'),(46,'condensed milk','condensed_milk.jpg','223','bakery'),(47,'long life bakery product\n','long_life_bakery_products.jpg','250','bakery'),(48,'butter','butter.jpg','147','bakery'),(49,'rice','rice.jpg','800','homeproduct'),(50,'abrasive cleaner\n','abrasive_cleaner.jpg','450','homeproduct'),(51,'rolls/buns\n','rolls_buns.jpg','650','bakery'),(52,'UHT-milk','UHT_milk.jpg','50','bakery'),(53,'rolls/buns','rolls_buns.jpg','223','bakery'),(54,'bottled beer','bottled_beer.jpg','226','drink'),(55,'liquor (appetizer)\n','liquor_appetizer.jpg','224','drink'),(56,'pot plants\n','pot_plants.jpg','750','homeproduct'),(57,'cereals\n','cereals.jpg','950','homeproduct'),(58,'white bread','white_bread.jpg','850','bakery'),(59,'bottled water','bottled_water.jpg','240','drink'),(60,'chocolate\n','chocolate.jpg','260','homeproduct'),(61,'curd','curd.jpg','50','bakery'),(62,'flour','flour.jpg','60','homeproduct'),(63,'dishes\n','dishes.jpg','40','homeproduct'),(64,'beef\n','beef.jpg','120','homeproduct'),(65,'frankfurter','frankfurter.jpg','150','homeproduct'),(66,'soda\n','soda.jpg','445','drink'),(67,'chicken','chicken.jpg','120','homeproduct'),(68,'tropical fruit\n','tropical_fruit.jpg','320','fruit'),(69,'sugar','sugar.jpg','780','homeproduct'),(70,'fruit/vegetable juice','fruit_vegetable_juice.jpg','30','homeproduct'),(71,'newspapers\n','newpapers.jpg','10','homeproduct'),(72,'fruit/vegetable juice\n','fruit_vegetable_juice.jpg','100','drink'),(73,'packaged fruit/vegetables\n','packaged_fruit_vegetables.jpg','200','fruit'),(74,'specialty bar\n',NULL,'300',NULL),(75,'other vegetables\n',NULL,'700',NULL),(76,'butter milk','butter_milk.jpg','600','drink'),(77,'pastry\n','pastry.jpg','450','homeproduct'),(78,'processed cheese','processed_cheese.jpg','650','bakery'),(79,'detergent','detergent.jpg','230','homeproduct'),(80,'root vegetables','root_vegetables.jpg','120','fruit'),(81,'frozen dessert','frozen_dessert.jpg','150','fruit'),(82,'sweet spreads','','220',''),(83,'salty snack','salty_snack.jpg','200','homeproduct'),(84,'waffles','waffles.jpg','100','bakery'),(85,'candy','candy.jpg','100','homeproduct'),(86,'bathroom cleaner\n','bathroom_cleaner.jpg','150','homeproduct'),(87,'canned beer\n','canned_beer.jpg','210','drink'),(88,'yogurt\n','yogurt.jpg','450','homeproduct'),(89,'sausage','sausage.jpg','123','homeproduct'),(90,'soda','soda.jpg','450','drink'),(91,'brown bread','brown_bread.jpg','650','bakery'),(92,'canned beer','canned_beer.jpg','230','drink'),(93,'newspapers','newpapers.jpg','220','homeproduct'),(94,'shopping bags\n','shopping_bags.jpg','280','homeproduct'),(95,'beverages','beverages.jpg','210','homeproduct'),(96,'hamburger meat','','250',''),(97,'spices','spices.jpg','125','homeproduct'),(98,'hygiene articles','','225',''),(99,'napkins\n','napkins.jpg','220','homeproduct'),(100,'sugar\n','sugar.jpg','230','homeproduct'),(101,'pork','pork.jpg','210','bakery'),(102,'berries','berries.jpg','400','fruit'),(103,'whipped/sour cream','whipped_sour_cream.jpg','600','bakery'),(104,'artif. sweetener','',NULL,''),(105,'beef','',NULL,''),(106,'grapes','grapes.jpg','300','fruit'),(107,'detergent\n','',NULL,''),(108,'pastry','',NULL,''),(109,'dessert\n','',NULL,''),(110,'zwieback','',NULL,''),(111,'specialty bar','',NULL,''),(112,'domestic eggs','',NULL,''),(113,'cereals','',NULL,''),(114,'coffee','',NULL,''),(115,'candy\n','',NULL,''),(116,'spread cheese','',NULL,''),(117,'bottled water\n','',NULL,''),(118,'misc. beverages\n','',NULL,''),(119,'hard cheese','',NULL,''),(120,'cat food','',NULL,''),(121,'ham','',NULL,''),(122,'turkey','',NULL,''),(123,'baking powder','',NULL,''),(124,'pickled vegetables','',NULL,''),(125,'packaged fruit/vegetables','',NULL,''),(126,'oil','',NULL,''),(127,'chewing gum','',NULL,''),(128,'chocolate marshmallow','',NULL,''),(129,'ice cream','',NULL,''),(130,'cat food\n','',NULL,''),(131,'frozen vegetables','',NULL,''),(132,'canned fish','',NULL,''),(133,'seasonal products','',NULL,''),(134,'curd cheese','',NULL,''),(135,'red/blush wine','',NULL,''),(136,'curd\n','',NULL,''),(137,'frozen potato products','',NULL,''),(138,'red/blush wine\n','',NULL,''),(139,'specialty fat','',NULL,''),(140,'specialty chocolate','',NULL,''),(141,'candles','',NULL,''),(142,'flower (seeds)\n','',NULL,''),(143,'sparkling wine','',NULL,''),(144,'meat spreads','',NULL,''),(145,'frozen potato products\n','',NULL,''),(146,'salt','',NULL,''),(147,'bottled beer\n','',NULL,''),(148,'frozen meals','',NULL,''),(149,'canned vegetables','',NULL,''),(150,'onions','',NULL,''),(151,'frozen vegetables\n','',NULL,''),(152,'herbs','',NULL,''),(153,'white wine','',NULL,''),(154,'candles\n','',NULL,''),(155,'brandy','',NULL,''),(156,'whipped/sour cream\n','',NULL,''),(157,'berries\n','',NULL,''),(158,'cream cheese \n','',NULL,''),(159,'photo/film\n','',NULL,''),(160,'sliced cheese','',NULL,''),(161,'pasta','',NULL,''),(162,'brown bread\n','',NULL,''),(163,'softener','',NULL,''),(164,'napkins','',NULL,''),(165,'photo/film','',NULL,''),(166,'cling film/bags\n','',NULL,''),(167,'processed cheese\n','',NULL,''),(168,'pip fruit\n','',NULL,''),(169,'dessert','',NULL,''),(170,'sparkling wine\n','',NULL,''),(171,'fish','',NULL,''),(172,'long life bakery product','',NULL,''),(173,'male cosmetics','',NULL,''),(174,'waffles\n','',NULL,''),(175,'canned fruit','',NULL,''),(176,'misc. beverages','',NULL,''),(177,'hygiene articles\n','',NULL,''),(178,'curd cheese\n','',NULL,''),(179,'Instant food products\n','',NULL,''),(180,'margarine\n','',NULL,''),(181,'soft cheese','',NULL,''),(182,'baking powder\n','',NULL,''),(183,'honey','',NULL,''),(184,'dental care\n','',NULL,''),(185,'popcorn\n','',NULL,NULL),(186,'cake bar','',NULL,NULL),(187,'chocolate','',NULL,NULL),(188,'dishes','',NULL,NULL),(189,'snack products\n','',NULL,NULL),(190,'cling film/bags','',NULL,NULL),(191,'flower soil/fertilizer\n','',NULL,NULL),(192,'chewing gum\n','',NULL,NULL),(193,'specialty cheese','',NULL,NULL),(194,'finished products','',NULL,NULL),(195,'cocoa drinks','',NULL,NULL),(196,'dog food\n','',NULL,NULL),(197,'salt\n','',NULL,''),(198,'ice cream\n','',NULL,''),(199,'prosecco\n','',NULL,''),(200,'frozen fish','',NULL,''),(201,'liquor (appetizer)','',NULL,''),(202,'spices\n','',NULL,''),(203,'specialty chocolate\n','',NULL,''),(204,'make up remover','',NULL,''),(205,'beverages\n','',NULL,''),(206,'cleaner','',NULL,''),(207,'female sanitary products\n','',NULL,''),(208,'dish cleaner',NULL,NULL,NULL),(209,'cookware\n',NULL,NULL,NULL),(210,'white wine\n',NULL,NULL,NULL),(211,'meat',NULL,NULL,NULL),(212,'cake bar\n',NULL,NULL,NULL),(213,'tea',NULL,NULL,NULL),(214,'mustard',NULL,NULL,NULL),(215,'house keeping products',NULL,NULL,NULL),(216,'Instant food products',NULL,NULL,NULL),(217,'skin care',NULL,NULL,NULL),(218,'potato products',NULL,NULL,NULL),(219,'liquor\n',NULL,NULL,NULL),(220,'pet care',NULL,NULL,NULL),(221,'pork\n',NULL,NULL,NULL),(222,'soups',NULL,NULL,NULL),(223,'root vegetables\n',NULL,NULL,NULL),(224,'rum\n',NULL,NULL,NULL),(225,'salad dressing',NULL,NULL,NULL),(226,'pasta\n',NULL,NULL,NULL),(227,'sauces\n',NULL,NULL,NULL),(228,'sausage\n',NULL,NULL,NULL),(229,'vinegar',NULL,NULL,NULL),(230,'soap\n',NULL,NULL,NULL),(231,'abrasive cleaner',NULL,NULL,NULL),(232,'cleaner\n',NULL,NULL,NULL),(233,'hair spray\n',NULL,NULL,NULL),(234,'instant coffee\n',NULL,NULL,NULL),(235,'salty snack\n',NULL,NULL,NULL),(236,'chicken\n',NULL,NULL,NULL),(237,'roll products ',NULL,NULL,NULL),(238,'mayonnaise',NULL,NULL,NULL),(239,'rubbing alcohol\n',NULL,NULL,NULL),(240,'dish cleaner\n',NULL,NULL,NULL),(241,'oil\n',NULL,NULL,NULL),(242,'citrus fruit\n',NULL,NULL,NULL),(243,'butter milk\n',NULL,NULL,NULL),(244,'soft cheese\n',NULL,NULL,NULL),(245,'domestic eggs\n',NULL,NULL,NULL),(246,'white bread\n',NULL,NULL,NULL),(247,'syrup',NULL,NULL,NULL),(248,'dog food',NULL,NULL,NULL),(249,'liver loaf',NULL,NULL,NULL),(250,'soap',NULL,NULL,NULL),(251,'hamburger meat\n',NULL,NULL,NULL),(252,'frozen dessert\n',NULL,NULL,NULL),(253,'sliced cheese\n',NULL,NULL,NULL),(254,'bathroom cleaner',NULL,NULL,NULL),(255,'pet care\n',NULL,NULL,NULL),(256,'male cosmetics\n',NULL,NULL,NULL),(257,'softener\n',NULL,NULL,NULL),(258,'dental care',NULL,NULL,NULL),(259,'brandy\n',NULL,NULL,NULL),(260,'instant coffee',NULL,NULL,NULL),(261,'house keeping products\n',NULL,NULL,NULL),(262,'roll products \n',NULL,NULL,NULL),(263,'snack products',NULL,NULL,NULL),(264,'seasonal products\n',NULL,NULL,NULL),(265,'rum',NULL,NULL,NULL),(266,'baby cosmetics\n',NULL,NULL,NULL),(267,'organic products',NULL,NULL,NULL),(268,'canned fish\n',NULL,NULL,NULL),(269,'nut snack\n',NULL,NULL,NULL),(270,'chocolate marshmallow\n',NULL,NULL,NULL),(271,'frankfurter\n',NULL,NULL,NULL),(272,'kitchen towels',NULL,NULL,NULL),(273,'rubbing alcohol',NULL,NULL,NULL),(274,'frozen chicken\n',NULL,NULL,NULL),(275,'pickled vegetables\n',NULL,NULL,NULL),(276,'light bulbs',NULL,NULL,NULL),(277,'skin care\n',NULL,NULL,NULL),(278,'kitchen towels\n',NULL,NULL,NULL),(279,'ketchup',NULL,NULL,NULL),(280,'liquor',NULL,NULL,NULL),(281,'female sanitary products',NULL,NULL,NULL),(282,'jam',NULL,NULL,NULL),(283,'butter\n',NULL,NULL,NULL),(284,'ready soups',NULL,NULL,NULL),(285,'decalcifier',NULL,NULL,NULL),(286,'semi-finished bread\n',NULL,NULL,NULL),(287,'mustard\n',NULL,NULL,NULL),(288,'decalcifier\n',NULL,NULL,NULL),(289,'flour\n',NULL,NULL,NULL),(290,'mayonnaise\n',NULL,NULL,NULL),(291,'rice\n',NULL,NULL,NULL),(292,'nuts/prunes',NULL,NULL,NULL),(293,'pot plants',NULL,NULL,NULL),(294,'popcorn',NULL,NULL,NULL),(295,'liqueur',NULL,NULL,NULL),(296,'organic sausage',NULL,NULL,NULL),(297,'zwieback\n',NULL,NULL,NULL),(298,'canned vegetables\n',NULL,NULL,NULL),(299,'grapes\n',NULL,NULL,NULL),(300,'flower (seeds)',NULL,NULL,NULL),(301,'light bulbs\n',NULL,NULL,NULL),(302,'tea\n',NULL,NULL,NULL),(303,'onions\n',NULL,NULL,NULL),(304,'cream',NULL,NULL,NULL),(305,'toilet cleaner',NULL,NULL,NULL),(306,'specialty vegetables',NULL,NULL,NULL),(307,'specialty cheese\n',NULL,NULL,NULL),(308,'sauces',NULL,NULL,NULL),(309,'baby food',NULL,NULL,NULL),(310,'cookware',NULL,NULL,NULL),(311,'pudding powder\n',NULL,NULL,NULL),(312,'prosecco',NULL,NULL,NULL),(313,'tidbits',NULL,NULL,NULL),(314,'baby cosmetics',NULL,NULL,NULL),(315,'whisky',NULL,NULL,NULL),(316,'frozen fish\n',NULL,NULL,NULL),(317,'sweet spreads\n',NULL,NULL,NULL),(318,'herbs\n',NULL,NULL,NULL),(319,'hair spray',NULL,NULL,NULL),(320,'frozen fruits',NULL,NULL,NULL),(321,'UHT-milk\n',NULL,NULL,NULL),(322,'specialty fat\n',NULL,NULL,NULL),(323,'pudding powder',NULL,NULL,NULL),(324,'bags\n',NULL,NULL,NULL),(325,'cooking chocolate',NULL,NULL,NULL),(326,'potato products\n',NULL,NULL,NULL),(327,'frozen meals\n',NULL,NULL,NULL),(328,'syrup\n',NULL,NULL,NULL),(329,'flower soil/fertilizer',NULL,NULL,NULL),(330,'hard cheese\n',NULL,NULL,NULL),(331,'nut snack',NULL,NULL,NULL),(332,'spread cheese\n',NULL,NULL,NULL),(333,'jam\n',NULL,NULL,NULL),(334,'ham\n',NULL,NULL,NULL),(335,'ketchup\n',NULL,NULL,NULL),(336,'cream\n',NULL,NULL,NULL),(337,'canned fruit\n',NULL,NULL,NULL),(338,'specialty vegetables\n',NULL,NULL,NULL),(339,'cooking chocolate\n',NULL,NULL,NULL),(340,'meat\n',NULL,NULL,NULL),(341,'turkey\n',NULL,NULL,NULL),(342,'tidbits\n',NULL,NULL,NULL),(343,'vinegar\n',NULL,NULL,NULL),(344,'frozen chicken',NULL,NULL,NULL),(345,'liqueur\n',NULL,NULL,NULL),(346,'condensed milk\n',NULL,NULL,NULL),(347,'sound storage medium',NULL,NULL,NULL),(348,'nuts/prunes\n',NULL,NULL,NULL),(349,'toilet cleaner\n',NULL,NULL,NULL),(350,'whisky\n',NULL,NULL,NULL),(351,'artif. sweetener\n',NULL,NULL,NULL),(352,'make up remover\n',NULL,NULL,NULL),(353,'finished products\n',NULL,NULL,NULL),(354,'soups\n',NULL,NULL,NULL),(355,'kitchen utensil\n',NULL,NULL,NULL),(356,'cocoa drinks\n',NULL,NULL,NULL),(357,'preservation products\n',NULL,NULL,NULL),(358,'kitchen utensil',NULL,NULL,NULL),(359,'liver loaf\n',NULL,NULL,NULL),(360,'honey\n',NULL,NULL,NULL),(361,'organic products\n',NULL,NULL,NULL),(362,'preservation products',NULL,NULL,NULL),(363,'frozen fruits\n',NULL,NULL,NULL),(364,'1',NULL,NULL,NULL),(365,'2',NULL,NULL,NULL),(366,'3',NULL,NULL,NULL),(367,'4',NULL,NULL,NULL),(368,'5',NULL,NULL,NULL),(369,'6',NULL,NULL,NULL),(370,'7',NULL,NULL,NULL),(371,'8',NULL,NULL,NULL),(372,'9',NULL,NULL,NULL),(373,'10',NULL,NULL,NULL),(374,'',NULL,NULL,NULL),(375,'12',NULL,NULL,NULL),(376,'13',NULL,NULL,NULL),(377,'14',NULL,NULL,NULL),(378,'15',NULL,NULL,NULL),(379,'16',NULL,NULL,NULL),(380,'17',NULL,NULL,NULL),(381,'18',NULL,NULL,NULL),(382,'19',NULL,NULL,NULL),(383,'20',NULL,NULL,NULL),(384,'21',NULL,NULL,NULL),(385,'22',NULL,NULL,NULL),(386,'23',NULL,NULL,NULL),(387,'24',NULL,NULL,NULL),(388,'25',NULL,NULL,NULL),(389,'26',NULL,NULL,NULL),(390,'27',NULL,NULL,NULL),(391,'28',NULL,NULL,NULL),(392,'29',NULL,NULL,NULL),(393,'30',NULL,NULL,NULL),(394,'31',NULL,NULL,NULL),(395,'32\n',NULL,NULL,NULL),(396,'citrus fruit',NULL,NULL,NULL),(397,'semi-finished bread',NULL,NULL,NULL),(398,'margarine',NULL,NULL,NULL),(399,'ready soups\n',NULL,NULL,NULL),(400,'tropical fruit',NULL,NULL,NULL),(401,'yogurt',NULL,NULL,NULL),(402,'coffee\n',NULL,NULL,NULL),(403,'whole milk\n',NULL,NULL,NULL),(404,'pip fruit',NULL,NULL,NULL),(405,'cream cheese ',NULL,NULL,NULL),(406,'meat spreads\n',NULL,NULL,NULL),(407,'other vegetables',NULL,NULL,NULL),(408,'whole milk',NULL,NULL,NULL),(409,'condensed milk',NULL,NULL,NULL),(410,'long life bakery product\n',NULL,NULL,NULL),(411,'butter',NULL,NULL,NULL),(412,'rice',NULL,NULL,NULL),(413,'abrasive cleaner\n',NULL,NULL,NULL),(414,'rolls/buns\n',NULL,NULL,NULL),(415,'UHT-milk',NULL,NULL,NULL),(416,'rolls/buns',NULL,NULL,NULL),(417,'bottled beer',NULL,NULL,NULL),(418,'liquor (appetizer)\n',NULL,NULL,NULL),(419,'pot plants\n',NULL,NULL,NULL),(420,'cereals\n',NULL,NULL,NULL),(421,'white bread',NULL,NULL,NULL),(422,'bottled water',NULL,NULL,NULL),(423,'chocolate\n',NULL,NULL,NULL),(424,'curd',NULL,NULL,NULL),(425,'flour',NULL,NULL,NULL),(426,'dishes\n',NULL,NULL,NULL),(427,'beef\n',NULL,NULL,NULL),(428,'frankfurter',NULL,NULL,NULL),(429,'soda\n',NULL,NULL,NULL),(430,'chicken',NULL,NULL,NULL),(431,'tropical fruit\n',NULL,NULL,NULL),(432,'sugar',NULL,NULL,NULL),(433,'fruit/vegetable juice',NULL,NULL,NULL),(434,'newspapers\n',NULL,NULL,NULL),(435,'fruit/vegetable juice\n',NULL,NULL,NULL),(436,'packaged fruit/vegetables\n',NULL,NULL,NULL),(437,'specialty bar\n',NULL,NULL,NULL),(438,'other vegetables\n',NULL,NULL,NULL),(439,'butter milk',NULL,NULL,NULL),(440,'pastry\n',NULL,NULL,NULL),(441,'processed cheese',NULL,NULL,NULL),(442,'detergent',NULL,NULL,NULL),(443,'root vegetables',NULL,NULL,NULL),(444,'frozen dessert',NULL,NULL,NULL),(445,'sweet spreads',NULL,NULL,NULL),(446,'salty snack',NULL,NULL,NULL),(447,'waffles',NULL,NULL,NULL),(448,'candy',NULL,NULL,NULL),(449,'bathroom cleaner\n',NULL,NULL,NULL),(450,'canned beer\n',NULL,NULL,NULL),(451,'yogurt\n',NULL,NULL,NULL),(452,'sausage',NULL,NULL,NULL),(453,'soda',NULL,NULL,NULL),(454,'brown bread',NULL,NULL,NULL),(455,'canned beer',NULL,NULL,NULL),(456,'newspapers',NULL,NULL,NULL),(457,'shopping bags\n',NULL,NULL,NULL),(458,'beverages',NULL,NULL,NULL),(459,'hamburger meat',NULL,NULL,NULL),(460,'spices',NULL,NULL,NULL),(461,'hygiene articles',NULL,NULL,NULL),(462,'napkins\n',NULL,NULL,NULL),(463,'sugar\n',NULL,NULL,NULL),(464,'pork',NULL,NULL,NULL),(465,'berries',NULL,NULL,NULL),(466,'whipped/sour cream',NULL,NULL,NULL),(467,'artif. sweetener',NULL,NULL,NULL),(468,'beef',NULL,NULL,NULL),(469,'grapes',NULL,NULL,NULL),(470,'detergent\n',NULL,NULL,NULL),(471,'pastry',NULL,NULL,NULL),(472,'dessert\n',NULL,NULL,NULL),(473,'zwieback',NULL,NULL,NULL),(474,'specialty bar',NULL,NULL,NULL),(475,'domestic eggs',NULL,NULL,NULL),(476,'cereals',NULL,NULL,NULL),(477,'coffee',NULL,NULL,NULL),(478,'candy\n',NULL,NULL,NULL),(479,'spread cheese',NULL,NULL,NULL),(480,'bottled water\n',NULL,NULL,NULL),(481,'misc. beverages\n',NULL,NULL,NULL),(482,'hard cheese',NULL,NULL,NULL),(483,'cat food',NULL,NULL,NULL),(484,'ham',NULL,NULL,NULL),(485,'turkey',NULL,NULL,NULL),(486,'baking powder',NULL,NULL,NULL),(487,'pickled vegetables',NULL,NULL,NULL),(488,'packaged fruit/vegetables',NULL,NULL,NULL),(489,'oil',NULL,NULL,NULL),(490,'chewing gum',NULL,NULL,NULL),(491,'chocolate marshmallow',NULL,NULL,NULL),(492,'ice cream',NULL,NULL,NULL),(493,'cat food\n',NULL,NULL,NULL),(494,'frozen vegetables',NULL,NULL,NULL),(495,'canned fish',NULL,NULL,NULL),(496,'seasonal products',NULL,NULL,NULL),(497,'curd cheese',NULL,NULL,NULL),(498,'red/blush wine',NULL,NULL,NULL),(499,'curd\n',NULL,NULL,NULL),(500,'frozen potato products',NULL,NULL,NULL),(501,'red/blush wine\n',NULL,NULL,NULL),(502,'specialty fat',NULL,NULL,NULL),(503,'specialty chocolate',NULL,NULL,NULL),(504,'candles',NULL,NULL,NULL),(505,'flower (seeds)\n',NULL,NULL,NULL),(506,'sparkling wine',NULL,NULL,NULL),(507,'meat spreads',NULL,NULL,NULL),(508,'frozen potato products\n',NULL,NULL,NULL),(509,'salt',NULL,NULL,NULL),(510,'bottled beer\n',NULL,NULL,NULL),(511,'frozen meals',NULL,NULL,NULL),(512,'canned vegetables',NULL,NULL,NULL),(513,'onions',NULL,NULL,NULL),(514,'frozen vegetables\n',NULL,NULL,NULL),(515,'herbs',NULL,NULL,NULL),(516,'white wine',NULL,NULL,NULL),(517,'candles\n',NULL,NULL,NULL),(518,'brandy',NULL,NULL,NULL),(519,'whipped/sour cream\n',NULL,NULL,NULL),(520,'berries\n',NULL,NULL,NULL),(521,'cream cheese \n',NULL,NULL,NULL),(522,'photo/film\n',NULL,NULL,NULL),(523,'sliced cheese',NULL,NULL,NULL),(524,'pasta',NULL,NULL,NULL),(525,'brown bread\n',NULL,NULL,NULL),(526,'softener',NULL,NULL,NULL),(527,'napkins',NULL,NULL,NULL),(528,'photo/film',NULL,NULL,NULL),(529,'cling film/bags\n',NULL,NULL,NULL),(530,'processed cheese\n',NULL,NULL,NULL),(531,'pip fruit\n',NULL,NULL,NULL),(532,'dessert',NULL,NULL,NULL),(533,'sparkling wine\n',NULL,NULL,NULL),(534,'fish',NULL,NULL,NULL),(535,'long life bakery product',NULL,NULL,NULL),(536,'male cosmetics',NULL,NULL,NULL),(537,'waffles\n',NULL,NULL,NULL),(538,'canned fruit',NULL,NULL,NULL),(539,'misc. beverages',NULL,NULL,NULL),(540,'hygiene articles\n',NULL,NULL,NULL),(541,'curd cheese\n',NULL,NULL,NULL),(542,'Instant food products\n',NULL,NULL,NULL),(543,'margarine\n',NULL,NULL,NULL),(544,'soft cheese',NULL,NULL,NULL),(545,'baking powder\n',NULL,NULL,NULL),(546,'honey',NULL,NULL,NULL),(547,'dental care\n',NULL,NULL,NULL),(548,'popcorn\n',NULL,NULL,NULL),(549,'cake bar',NULL,NULL,NULL),(550,'chocolate',NULL,NULL,NULL),(551,'dishes',NULL,NULL,NULL),(552,'snack products\n',NULL,NULL,NULL),(553,'cling film/bags',NULL,NULL,NULL),(554,'flower soil/fertilizer\n',NULL,NULL,NULL),(555,'chewing gum\n',NULL,NULL,NULL),(556,'specialty cheese',NULL,NULL,NULL),(557,'finished products',NULL,NULL,NULL),(558,'cocoa drinks',NULL,NULL,NULL),(559,'dog food\n',NULL,NULL,NULL),(560,'salt\n',NULL,NULL,NULL),(561,'ice cream\n',NULL,NULL,NULL),(562,'prosecco\n',NULL,NULL,NULL),(563,'frozen fish',NULL,NULL,NULL),(564,'liquor (appetizer)',NULL,NULL,NULL),(565,'spices\n',NULL,NULL,NULL),(566,'specialty chocolate\n',NULL,NULL,NULL),(567,'make up remover',NULL,NULL,NULL),(568,'beverages\n',NULL,NULL,NULL),(569,'cleaner',NULL,NULL,NULL),(570,'female sanitary products\n',NULL,NULL,NULL),(571,'dish cleaner',NULL,NULL,NULL),(572,'cookware\n',NULL,NULL,NULL),(573,'white wine\n',NULL,NULL,NULL),(574,'meat',NULL,NULL,NULL),(575,'cake bar\n',NULL,NULL,NULL),(576,'tea',NULL,NULL,NULL),(577,'mustard',NULL,NULL,NULL),(578,'house keeping products',NULL,NULL,NULL),(579,'Instant food products',NULL,NULL,NULL),(580,'skin care',NULL,NULL,NULL),(581,'potato products',NULL,NULL,NULL),(582,'liquor\n',NULL,NULL,NULL),(583,'pet care',NULL,NULL,NULL),(584,'pork\n',NULL,NULL,NULL),(585,'soups',NULL,NULL,NULL),(586,'root vegetables\n',NULL,NULL,NULL),(587,'rum\n',NULL,NULL,NULL),(588,'salad dressing',NULL,NULL,NULL),(589,'pasta\n',NULL,NULL,NULL),(590,'sauces\n',NULL,NULL,NULL),(591,'sausage\n',NULL,NULL,NULL),(592,'vinegar',NULL,NULL,NULL),(593,'soap\n',NULL,NULL,NULL),(594,'abrasive cleaner',NULL,NULL,NULL),(595,'cleaner\n',NULL,NULL,NULL),(596,'hair spray\n',NULL,NULL,NULL),(597,'instant coffee\n',NULL,NULL,NULL),(598,'salty snack\n',NULL,NULL,NULL),(599,'chicken\n',NULL,NULL,NULL),(600,'roll products ',NULL,NULL,NULL),(601,'mayonnaise',NULL,NULL,NULL),(602,'rubbing alcohol\n',NULL,NULL,NULL),(603,'dish cleaner\n',NULL,NULL,NULL),(604,'oil\n',NULL,NULL,NULL),(605,'citrus fruit\n',NULL,NULL,NULL),(606,'butter milk\n',NULL,NULL,NULL),(607,'soft cheese\n',NULL,NULL,NULL),(608,'domestic eggs\n',NULL,NULL,NULL),(609,'white bread\n',NULL,NULL,NULL),(610,'syrup',NULL,NULL,NULL),(611,'dog food',NULL,NULL,NULL),(612,'liver loaf',NULL,NULL,NULL),(613,'soap',NULL,NULL,NULL),(614,'hamburger meat\n',NULL,NULL,NULL),(615,'frozen dessert\n',NULL,NULL,NULL),(616,'sliced cheese\n',NULL,NULL,NULL),(617,'bathroom cleaner',NULL,NULL,NULL),(618,'pet care\n',NULL,NULL,NULL),(619,'male cosmetics\n',NULL,NULL,NULL),(620,'softener\n',NULL,NULL,NULL),(621,'dental care',NULL,NULL,NULL),(622,'brandy\n',NULL,NULL,NULL),(623,'instant coffee',NULL,NULL,NULL),(624,'house keeping products\n',NULL,NULL,NULL),(625,'roll products \n',NULL,NULL,NULL),(626,'snack products',NULL,NULL,NULL),(627,'seasonal products\n',NULL,NULL,NULL),(628,'rum',NULL,NULL,NULL),(629,'baby cosmetics\n',NULL,NULL,NULL),(630,'organic products',NULL,NULL,NULL),(631,'canned fish\n',NULL,NULL,NULL),(632,'nut snack\n',NULL,NULL,NULL),(633,'chocolate marshmallow\n',NULL,NULL,NULL),(634,'frankfurter\n',NULL,NULL,NULL),(635,'kitchen towels',NULL,NULL,NULL),(636,'rubbing alcohol',NULL,NULL,NULL),(637,'frozen chicken\n',NULL,NULL,NULL),(638,'pickled vegetables\n',NULL,NULL,NULL),(639,'light bulbs',NULL,NULL,NULL),(640,'skin care\n',NULL,NULL,NULL),(641,'kitchen towels\n',NULL,NULL,NULL),(642,'ketchup',NULL,NULL,NULL),(643,'liquor',NULL,NULL,NULL),(644,'female sanitary products',NULL,NULL,NULL),(645,'jam',NULL,NULL,NULL),(646,'butter\n',NULL,NULL,NULL),(647,'ready soups',NULL,NULL,NULL),(648,'decalcifier',NULL,NULL,NULL),(649,'semi-finished bread\n',NULL,NULL,NULL),(650,'mustard\n',NULL,NULL,NULL),(651,'decalcifier\n',NULL,NULL,NULL),(652,'flour\n',NULL,NULL,NULL),(653,'mayonnaise\n',NULL,NULL,NULL),(654,'rice\n',NULL,NULL,NULL),(655,'nuts/prunes',NULL,NULL,NULL),(656,'pot plants',NULL,NULL,NULL),(657,'popcorn',NULL,NULL,NULL),(658,'liqueur',NULL,NULL,NULL),(659,'organic sausage',NULL,NULL,NULL),(660,'zwieback\n',NULL,NULL,NULL),(661,'canned vegetables\n',NULL,NULL,NULL),(662,'grapes\n',NULL,NULL,NULL),(663,'flower (seeds)',NULL,NULL,NULL),(664,'light bulbs\n',NULL,NULL,NULL),(665,'tea\n',NULL,NULL,NULL),(666,'onions\n',NULL,NULL,NULL),(667,'cream',NULL,NULL,NULL),(668,'toilet cleaner',NULL,NULL,NULL),(669,'specialty vegetables',NULL,NULL,NULL),(670,'specialty cheese\n',NULL,NULL,NULL),(671,'sauces',NULL,NULL,NULL),(672,'baby food',NULL,NULL,NULL),(673,'cookware',NULL,NULL,NULL),(674,'pudding powder\n',NULL,NULL,NULL),(675,'prosecco',NULL,NULL,NULL),(676,'tidbits',NULL,NULL,NULL),(677,'baby cosmetics',NULL,NULL,NULL),(678,'whisky',NULL,NULL,NULL),(679,'frozen fish\n',NULL,NULL,NULL),(680,'sweet spreads\n',NULL,NULL,NULL),(681,'herbs\n',NULL,NULL,NULL),(682,'hair spray',NULL,NULL,NULL),(683,'frozen fruits',NULL,NULL,NULL),(684,'UHT-milk\n',NULL,NULL,NULL),(685,'specialty fat\n',NULL,NULL,NULL),(686,'pudding powder',NULL,NULL,NULL),(687,'bags\n',NULL,NULL,NULL),(688,'cooking chocolate',NULL,NULL,NULL),(689,'potato products\n',NULL,NULL,NULL),(690,'frozen meals\n',NULL,NULL,NULL),(691,'syrup\n',NULL,NULL,NULL),(692,'flower soil/fertilizer',NULL,NULL,NULL),(693,'hard cheese\n',NULL,NULL,NULL),(694,'nut snack',NULL,NULL,NULL),(695,'spread cheese\n',NULL,NULL,NULL),(696,'jam\n',NULL,NULL,NULL),(697,'ham\n',NULL,NULL,NULL),(698,'ketchup\n',NULL,NULL,NULL),(699,'cream\n',NULL,NULL,NULL),(700,'canned fruit\n',NULL,NULL,NULL),(701,'specialty vegetables\n',NULL,NULL,NULL),(702,'cooking chocolate\n',NULL,NULL,NULL),(703,'meat\n',NULL,NULL,NULL),(704,'turkey\n',NULL,NULL,NULL),(705,'tidbits\n',NULL,NULL,NULL),(706,'vinegar\n',NULL,NULL,NULL),(707,'frozen chicken',NULL,NULL,NULL),(708,'liqueur\n',NULL,NULL,NULL),(709,'condensed milk\n',NULL,NULL,NULL),(710,'sound storage medium',NULL,NULL,NULL),(711,'nuts/prunes\n',NULL,NULL,NULL),(712,'toilet cleaner\n',NULL,NULL,NULL),(713,'whisky\n',NULL,NULL,NULL),(714,'artif. sweetener\n',NULL,NULL,NULL),(715,'make up remover\n',NULL,NULL,NULL),(716,'finished products\n',NULL,NULL,NULL),(717,'soups\n',NULL,NULL,NULL),(718,'kitchen utensil\n',NULL,NULL,NULL),(719,'cocoa drinks\n',NULL,NULL,NULL),(720,'preservation products\n',NULL,NULL,NULL),(721,'kitchen utensil',NULL,NULL,NULL),(722,'liver loaf\n',NULL,NULL,NULL),(723,'honey\n',NULL,NULL,NULL),(724,'organic products\n',NULL,NULL,NULL),(725,'preservation products',NULL,NULL,NULL),(726,'frozen fruits\n',NULL,NULL,NULL),(727,'1',NULL,NULL,NULL),(728,'2',NULL,NULL,NULL),(729,'3',NULL,NULL,NULL),(730,'4',NULL,NULL,NULL),(731,'5',NULL,NULL,NULL),(732,'6',NULL,NULL,NULL),(733,'7',NULL,NULL,NULL),(734,'8',NULL,NULL,NULL),(735,'9',NULL,NULL,NULL),(736,'10',NULL,NULL,NULL),(737,'',NULL,NULL,NULL),(738,'12',NULL,NULL,NULL),(739,'13',NULL,NULL,NULL),(740,'14',NULL,NULL,NULL),(741,'15',NULL,NULL,NULL),(742,'16',NULL,NULL,NULL),(743,'17',NULL,NULL,NULL),(744,'18',NULL,NULL,NULL),(745,'19',NULL,NULL,NULL),(746,'20',NULL,NULL,NULL),(747,'21',NULL,NULL,NULL),(748,'22',NULL,NULL,NULL),(749,'23',NULL,NULL,NULL),(750,'24',NULL,NULL,NULL),(751,'25',NULL,NULL,NULL),(752,'26',NULL,NULL,NULL),(753,'27',NULL,NULL,NULL),(754,'28',NULL,NULL,NULL),(755,'29',NULL,NULL,NULL),(756,'30',NULL,NULL,NULL),(757,'31',NULL,NULL,NULL),(758,'32\n',NULL,NULL,NULL),(759,'citrus fruit',NULL,NULL,NULL),(760,'semi-finished bread',NULL,NULL,NULL),(761,'margarine',NULL,NULL,NULL),(762,'ready soups\n',NULL,NULL,NULL),(763,'tropical fruit',NULL,NULL,NULL),(764,'yogurt',NULL,NULL,NULL),(765,'coffee\n',NULL,NULL,NULL),(766,'whole milk\n',NULL,NULL,NULL),(767,'pip fruit',NULL,NULL,NULL),(768,'cream cheese ',NULL,NULL,NULL),(769,'meat spreads\n',NULL,NULL,NULL),(770,'other vegetables',NULL,NULL,NULL),(771,'whole milk',NULL,NULL,NULL),(772,'condensed milk',NULL,NULL,NULL),(773,'long life bakery product\n',NULL,NULL,NULL),(774,'butter',NULL,NULL,NULL),(775,'rice',NULL,NULL,NULL),(776,'abrasive cleaner\n',NULL,NULL,NULL),(777,'rolls/buns\n',NULL,NULL,NULL),(778,'UHT-milk',NULL,NULL,NULL),(779,'rolls/buns',NULL,NULL,NULL),(780,'bottled beer',NULL,NULL,NULL),(781,'liquor (appetizer)\n',NULL,NULL,NULL),(782,'pot plants\n',NULL,NULL,NULL),(783,'cereals\n',NULL,NULL,NULL),(784,'white bread',NULL,NULL,NULL),(785,'bottled water',NULL,NULL,NULL),(786,'chocolate\n',NULL,NULL,NULL),(787,'curd',NULL,NULL,NULL),(788,'flour',NULL,NULL,NULL),(789,'dishes\n',NULL,NULL,NULL),(790,'beef\n',NULL,NULL,NULL),(791,'frankfurter',NULL,NULL,NULL),(792,'soda\n',NULL,NULL,NULL),(793,'chicken',NULL,NULL,NULL),(794,'tropical fruit\n',NULL,NULL,NULL),(795,'sugar',NULL,NULL,NULL),(796,'fruit/vegetable juice',NULL,NULL,NULL),(797,'newspapers\n',NULL,NULL,NULL),(798,'fruit/vegetable juice\n',NULL,NULL,NULL),(799,'packaged fruit/vegetables\n',NULL,NULL,NULL),(800,'specialty bar\n',NULL,NULL,NULL),(801,'other vegetables\n',NULL,NULL,NULL),(802,'butter milk',NULL,NULL,NULL),(803,'pastry\n',NULL,NULL,NULL),(804,'processed cheese',NULL,NULL,NULL),(805,'detergent',NULL,NULL,NULL),(806,'root vegetables',NULL,NULL,NULL),(807,'frozen dessert',NULL,NULL,NULL),(808,'sweet spreads',NULL,NULL,NULL),(809,'salty snack',NULL,NULL,NULL),(810,'waffles',NULL,NULL,NULL),(811,'candy',NULL,NULL,NULL),(812,'bathroom cleaner\n',NULL,NULL,NULL),(813,'canned beer\n',NULL,NULL,NULL),(814,'yogurt\n',NULL,NULL,NULL),(815,'sausage',NULL,NULL,NULL),(816,'soda',NULL,NULL,NULL),(817,'brown bread',NULL,NULL,NULL),(818,'canned beer',NULL,NULL,NULL),(819,'newspapers',NULL,NULL,NULL),(820,'shopping bags\n',NULL,NULL,NULL),(821,'beverages',NULL,NULL,NULL),(822,'hamburger meat',NULL,NULL,NULL),(823,'spices',NULL,NULL,NULL),(824,'hygiene articles',NULL,NULL,NULL),(825,'napkins\n',NULL,NULL,NULL),(826,'sugar\n',NULL,NULL,NULL),(827,'pork',NULL,NULL,NULL),(828,'berries',NULL,NULL,NULL),(829,'whipped/sour cream',NULL,NULL,NULL),(830,'artif. sweetener',NULL,NULL,NULL),(831,'beef',NULL,NULL,NULL),(832,'grapes',NULL,NULL,NULL),(833,'detergent\n',NULL,NULL,NULL),(834,'pastry',NULL,NULL,NULL),(835,'dessert\n',NULL,NULL,NULL),(836,'zwieback',NULL,NULL,NULL),(837,'specialty bar',NULL,NULL,NULL),(838,'domestic eggs',NULL,NULL,NULL),(839,'cereals',NULL,NULL,NULL),(840,'coffee',NULL,NULL,NULL),(841,'candy\n',NULL,NULL,NULL),(842,'spread cheese',NULL,NULL,NULL),(843,'bottled water\n',NULL,NULL,NULL),(844,'misc. beverages\n',NULL,NULL,NULL),(845,'hard cheese',NULL,NULL,NULL),(846,'cat food',NULL,NULL,NULL),(847,'ham',NULL,NULL,NULL),(848,'turkey',NULL,NULL,NULL),(849,'baking powder',NULL,NULL,NULL),(850,'pickled vegetables',NULL,NULL,NULL),(851,'packaged fruit/vegetables',NULL,NULL,NULL),(852,'oil',NULL,NULL,NULL),(853,'chewing gum',NULL,NULL,NULL),(854,'chocolate marshmallow',NULL,NULL,NULL),(855,'ice cream',NULL,NULL,NULL),(856,'cat food\n',NULL,NULL,NULL),(857,'frozen vegetables',NULL,NULL,NULL),(858,'canned fish',NULL,NULL,NULL),(859,'seasonal products',NULL,NULL,NULL),(860,'curd cheese',NULL,NULL,NULL),(861,'red/blush wine',NULL,NULL,NULL),(862,'curd\n',NULL,NULL,NULL),(863,'frozen potato products',NULL,NULL,NULL),(864,'red/blush wine\n',NULL,NULL,NULL),(865,'specialty fat',NULL,NULL,NULL),(866,'specialty chocolate',NULL,NULL,NULL),(867,'candles',NULL,NULL,NULL),(868,'flower (seeds)\n',NULL,NULL,NULL),(869,'sparkling wine',NULL,NULL,NULL),(870,'meat spreads',NULL,NULL,NULL),(871,'frozen potato products\n',NULL,NULL,NULL),(872,'salt',NULL,NULL,NULL),(873,'bottled beer\n',NULL,NULL,NULL),(874,'frozen meals',NULL,NULL,NULL),(875,'canned vegetables',NULL,NULL,NULL),(876,'onions',NULL,NULL,NULL),(877,'frozen vegetables\n',NULL,NULL,NULL),(878,'herbs',NULL,NULL,NULL),(879,'white wine',NULL,NULL,NULL),(880,'candles\n',NULL,NULL,NULL),(881,'brandy',NULL,NULL,NULL),(882,'whipped/sour cream\n',NULL,NULL,NULL),(883,'berries\n',NULL,NULL,NULL),(884,'cream cheese \n',NULL,NULL,NULL),(885,'photo/film\n',NULL,NULL,NULL),(886,'sliced cheese',NULL,NULL,NULL),(887,'pasta',NULL,NULL,NULL),(888,'brown bread\n',NULL,NULL,NULL),(889,'softener',NULL,NULL,NULL),(890,'napkins',NULL,NULL,NULL),(891,'photo/film',NULL,NULL,NULL),(892,'cling film/bags\n',NULL,NULL,NULL),(893,'processed cheese\n',NULL,NULL,NULL),(894,'pip fruit\n',NULL,NULL,NULL),(895,'dessert',NULL,NULL,NULL),(896,'sparkling wine\n',NULL,NULL,NULL),(897,'fish',NULL,NULL,NULL),(898,'long life bakery product',NULL,NULL,NULL),(899,'male cosmetics',NULL,NULL,NULL),(900,'waffles\n',NULL,NULL,NULL),(901,'canned fruit',NULL,NULL,NULL),(902,'misc. beverages',NULL,NULL,NULL),(903,'hygiene articles\n',NULL,NULL,NULL),(904,'curd cheese\n',NULL,NULL,NULL),(905,'Instant food products\n',NULL,NULL,NULL),(906,'margarine\n',NULL,NULL,NULL),(907,'soft cheese',NULL,NULL,NULL),(908,'baking powder\n',NULL,NULL,NULL),(909,'honey',NULL,NULL,NULL),(910,'dental care\n',NULL,NULL,NULL),(911,'popcorn\n',NULL,NULL,NULL),(912,'cake bar',NULL,NULL,NULL),(913,'chocolate',NULL,NULL,NULL),(914,'dishes',NULL,NULL,NULL),(915,'snack products\n',NULL,NULL,NULL),(916,'cling film/bags',NULL,NULL,NULL),(917,'flower soil/fertilizer\n',NULL,NULL,NULL),(918,'chewing gum\n',NULL,NULL,NULL),(919,'specialty cheese',NULL,NULL,NULL),(920,'finished products',NULL,NULL,NULL),(921,'cocoa drinks',NULL,NULL,NULL),(922,'dog food\n',NULL,NULL,NULL),(923,'salt\n',NULL,NULL,NULL),(924,'ice cream\n',NULL,NULL,NULL),(925,'prosecco\n',NULL,NULL,NULL),(926,'frozen fish',NULL,NULL,NULL),(927,'liquor (appetizer)',NULL,NULL,NULL),(928,'spices\n',NULL,NULL,NULL),(929,'specialty chocolate\n',NULL,NULL,NULL),(930,'make up remover',NULL,NULL,NULL),(931,'beverages\n',NULL,NULL,NULL),(932,'cleaner',NULL,NULL,NULL),(933,'female sanitary products\n',NULL,NULL,NULL),(934,'dish cleaner',NULL,NULL,NULL),(935,'cookware\n',NULL,NULL,NULL),(936,'white wine\n',NULL,NULL,NULL),(937,'meat',NULL,NULL,NULL),(938,'cake bar\n',NULL,NULL,NULL),(939,'tea',NULL,NULL,NULL),(940,'mustard',NULL,NULL,NULL),(941,'house keeping products',NULL,NULL,NULL),(942,'Instant food products',NULL,NULL,NULL),(943,'skin care',NULL,NULL,NULL),(944,'potato products',NULL,NULL,NULL),(945,'liquor\n',NULL,NULL,NULL),(946,'pet care',NULL,NULL,NULL),(947,'pork\n',NULL,NULL,NULL),(948,'soups',NULL,NULL,NULL),(949,'root vegetables\n',NULL,NULL,NULL),(950,'rum\n',NULL,NULL,NULL),(951,'salad dressing',NULL,NULL,NULL),(952,'pasta\n',NULL,NULL,NULL),(953,'sauces\n',NULL,NULL,NULL),(954,'sausage\n',NULL,NULL,NULL),(955,'vinegar',NULL,NULL,NULL),(956,'soap\n',NULL,NULL,NULL),(957,'abrasive cleaner',NULL,NULL,NULL),(958,'cleaner\n',NULL,NULL,NULL),(959,'hair spray\n',NULL,NULL,NULL),(960,'instant coffee\n',NULL,NULL,NULL),(961,'salty snack\n',NULL,NULL,NULL),(962,'chicken\n',NULL,NULL,NULL),(963,'roll products ',NULL,NULL,NULL),(964,'mayonnaise',NULL,NULL,NULL),(965,'rubbing alcohol\n',NULL,NULL,NULL),(966,'dish cleaner\n',NULL,NULL,NULL),(967,'oil\n',NULL,NULL,NULL),(968,'citrus fruit\n',NULL,NULL,NULL),(969,'butter milk\n',NULL,NULL,NULL),(970,'soft cheese\n',NULL,NULL,NULL),(971,'domestic eggs\n',NULL,NULL,NULL),(972,'white bread\n',NULL,NULL,NULL),(973,'syrup',NULL,NULL,NULL),(974,'dog food',NULL,NULL,NULL),(975,'liver loaf',NULL,NULL,NULL),(976,'soap',NULL,NULL,NULL),(977,'hamburger meat\n',NULL,NULL,NULL),(978,'frozen dessert\n',NULL,NULL,NULL),(979,'sliced cheese\n',NULL,NULL,NULL),(980,'bathroom cleaner',NULL,NULL,NULL),(981,'pet care\n',NULL,NULL,NULL),(982,'male cosmetics\n',NULL,NULL,NULL),(983,'softener\n',NULL,NULL,NULL),(984,'dental care',NULL,NULL,NULL),(985,'brandy\n',NULL,NULL,NULL),(986,'instant coffee',NULL,NULL,NULL),(987,'house keeping products\n',NULL,NULL,NULL),(988,'roll products \n',NULL,NULL,NULL),(989,'snack products',NULL,NULL,NULL),(990,'seasonal products\n',NULL,NULL,NULL),(991,'rum',NULL,NULL,NULL),(992,'baby cosmetics\n',NULL,NULL,NULL),(993,'organic products',NULL,NULL,NULL),(994,'canned fish\n',NULL,NULL,NULL),(995,'nut snack\n',NULL,NULL,NULL),(996,'chocolate marshmallow\n',NULL,NULL,NULL),(997,'frankfurter\n',NULL,NULL,NULL),(998,'kitchen towels',NULL,NULL,NULL),(999,'rubbing alcohol',NULL,NULL,NULL),(1000,'frozen chicken\n',NULL,NULL,NULL),(1001,'pickled vegetables\n',NULL,NULL,NULL),(1002,'light bulbs',NULL,NULL,NULL),(1003,'skin care\n',NULL,NULL,NULL),(1004,'kitchen towels\n',NULL,NULL,NULL),(1005,'ketchup',NULL,NULL,NULL),(1006,'liquor',NULL,NULL,NULL),(1007,'female sanitary products',NULL,NULL,NULL),(1008,'jam',NULL,NULL,NULL),(1009,'butter\n',NULL,NULL,NULL),(1010,'ready soups',NULL,NULL,NULL),(1011,'decalcifier',NULL,NULL,NULL),(1012,'semi-finished bread\n',NULL,NULL,NULL),(1013,'mustard\n',NULL,NULL,NULL),(1014,'decalcifier\n',NULL,NULL,NULL),(1015,'flour\n',NULL,NULL,NULL),(1016,'mayonnaise\n',NULL,NULL,NULL),(1017,'rice\n',NULL,NULL,NULL),(1018,'nuts/prunes',NULL,NULL,NULL),(1019,'pot plants',NULL,NULL,NULL),(1020,'popcorn',NULL,NULL,NULL),(1021,'liqueur',NULL,NULL,NULL),(1022,'organic sausage',NULL,NULL,NULL),(1023,'zwieback\n',NULL,NULL,NULL),(1024,'canned vegetables\n',NULL,NULL,NULL),(1025,'grapes\n',NULL,NULL,NULL),(1026,'flower (seeds)',NULL,NULL,NULL),(1027,'light bulbs\n',NULL,NULL,NULL),(1028,'tea\n',NULL,NULL,NULL),(1029,'onions\n',NULL,NULL,NULL),(1030,'cream',NULL,NULL,NULL),(1031,'toilet cleaner',NULL,NULL,NULL),(1032,'specialty vegetables',NULL,NULL,NULL),(1033,'specialty cheese\n',NULL,NULL,NULL),(1034,'sauces',NULL,NULL,NULL),(1035,'baby food',NULL,NULL,NULL),(1036,'cookware',NULL,NULL,NULL),(1037,'pudding powder\n',NULL,NULL,NULL),(1038,'prosecco',NULL,NULL,NULL),(1039,'tidbits',NULL,NULL,NULL),(1040,'baby cosmetics',NULL,NULL,NULL),(1041,'whisky',NULL,NULL,NULL),(1042,'frozen fish\n',NULL,NULL,NULL),(1043,'sweet spreads\n',NULL,NULL,NULL),(1044,'herbs\n',NULL,NULL,NULL),(1045,'hair spray',NULL,NULL,NULL),(1046,'frozen fruits',NULL,NULL,NULL),(1047,'UHT-milk\n',NULL,NULL,NULL),(1048,'specialty fat\n',NULL,NULL,NULL),(1049,'pudding powder',NULL,NULL,NULL),(1050,'bags\n',NULL,NULL,NULL),(1051,'cooking chocolate',NULL,NULL,NULL),(1052,'potato products\n',NULL,NULL,NULL),(1053,'frozen meals\n',NULL,NULL,NULL),(1054,'syrup\n',NULL,NULL,NULL),(1055,'flower soil/fertilizer',NULL,NULL,NULL),(1056,'hard cheese\n',NULL,NULL,NULL),(1057,'nut snack',NULL,NULL,NULL),(1058,'spread cheese\n',NULL,NULL,NULL),(1059,'jam\n',NULL,NULL,NULL),(1060,'ham\n',NULL,NULL,NULL),(1061,'ketchup\n',NULL,NULL,NULL),(1062,'cream\n',NULL,NULL,NULL),(1063,'canned fruit\n',NULL,NULL,NULL),(1064,'specialty vegetables\n',NULL,NULL,NULL),(1065,'cooking chocolate\n',NULL,NULL,NULL),(1066,'meat\n',NULL,NULL,NULL),(1067,'turkey\n',NULL,NULL,NULL),(1068,'tidbits\n',NULL,NULL,NULL),(1069,'vinegar\n',NULL,NULL,NULL),(1070,'frozen chicken',NULL,NULL,NULL),(1071,'liqueur\n',NULL,NULL,NULL),(1072,'condensed milk\n',NULL,NULL,NULL),(1073,'sound storage medium',NULL,NULL,NULL),(1074,'nuts/prunes\n',NULL,NULL,NULL),(1075,'toilet cleaner\n',NULL,NULL,NULL),(1076,'whisky\n',NULL,NULL,NULL),(1077,'artif. sweetener\n',NULL,NULL,NULL),(1078,'make up remover\n',NULL,NULL,NULL),(1079,'finished products\n',NULL,NULL,NULL),(1080,'soups\n',NULL,NULL,NULL),(1081,'kitchen utensil\n',NULL,NULL,NULL),(1082,'cocoa drinks\n',NULL,NULL,NULL),(1083,'preservation products\n',NULL,NULL,NULL),(1084,'kitchen utensil',NULL,NULL,NULL),(1085,'liver loaf\n',NULL,NULL,NULL),(1086,'honey\n',NULL,NULL,NULL),(1087,'organic products\n',NULL,NULL,NULL),(1088,'preservation products',NULL,NULL,NULL),(1089,'frozen fruits\n',NULL,NULL,NULL);

/*Table structure for table `groceryname1` */

DROP TABLE IF EXISTS `groceryname1`;

CREATE TABLE `groceryname1` (
  `id` int(11) NOT NULL DEFAULT '0',
  `name` varchar(50) DEFAULT NULL,
  `imagename` varchar(40) DEFAULT NULL,
  `price` varchar(15) DEFAULT NULL,
  `category` varchar(40) DEFAULT NULL
) ENGINE=InnoDB DEFAULT CHARSET=latin1;

/*Data for the table `groceryname1` */

insert  into `groceryname1`(`id`,`name`,`imagename`,`price`,`category`) values (1,'Bisleri Club Soda','Bisleri_Club_Soda.jpg','150','dairybeverages'),(2,'Bisleri Water','Bisleri_Water.jpg','100','dairybeverages'),(3,'Brooke Bond Red Label Tea Carton','Brooke_Bond_Red_Label_Tea_Carton.jpg','1200','dairybeverages'),(4,'Bru Instant Coffee','BruInstantCoffee.jpg','120','dairybeverages'),(5,'Cadbury Bournvita Health Drink Refill','Cadbury_Bournvita_Health_Drink_Refill.jp','100','dairybeverages'),(6,'Cadbury Hot Chocolate Drinking Powder','CadburyHotChocolateDrinkingPowder.jpg','156','dairybeverages'),(7,'Diet Coke Tin','DietCokeTin.jpg','100','dairybeverages'),(8,'Girnar Detox Desi Kahwa Green Tea','GirnarDetoxDesiKahwaGreenTea.jpg','250','dairybeverages'),(9,'Hershey_s Chocolate Syrup','HersheysChocolate_Syrup.jpg','230','dairybeverages'),(10,'Le Cafe Coffee Jar','LeCafeCoffeeJar.jpg','120','dairybeverages'),(11,'Lipton Green Tea Bags - Honey Lemon','LiptonGreenTeaBagsHoneyLemon.jpg','100','dairybeverages'),(12,'Maaza Mango Drink','MaazaMangoDrink.jpg','100','dairybeverages'),(13,'Mapro Coolz Rose Sharbat','MaproCoolzRoseSharbat.jpg','100','dairybeverages'),(14,'Nescaf Classic Coffee Jar','NescafClassicCoffeeJar.jpg','150','dairybeverages'),(15,'Nescaf Classic Coffee','NescafClassicCoffee.jpg','160','dairybeverages'),(16,'Nescafe Gold Blend Coffee Jar','NescafeGoldBlendCoffeeJar.jpg','140','dairybeverages'),(17,'Pediasure Nutritional Powder - Premium Chocolate F','PediasureNutritionalPowderPremiumChocola','180','dairybeverages'),(18,'Protinex Chocolate Flavour Health Drink Tin','ProtinexChocolateFlavourHealthDrinkTin.j','100','dairybeverages'),(19,'Protinex Original Health Drink','ProtinexOriginalHealthDrink.jpg','110','dairybeverages'),(20,'Real Fruit Power Orange Juice','RealFruitPowerOrangeJuice.jpg','120','dairybeverages'),(21,'Red Bull Energy Drink','RedBullEnergyDrink.jpg','110','dairybeverages'),(22,'Rooh Afza','RoohAfza.jpg','110','dairybeverages'),(23,'Society Tea','SocietyTea.jpg','100','dairybeverages'),(24,'Sprite','Sprite.jpg','150','dairybeverages'),(25,'Tang Orange Powder','TangOrangePowder.jpg','150','dairybeverages'),(26,'Tata Tea Gold','TataTeaGold.jpg','145','dairybeverages'),(27,'Thums Up','ThumsUp.jpg','150','dairybeverages'),(28,'Tropicana Mixed Fruit Delight Juice','TropicanaMixedFruitDelightJuice.jpg','156','dairybeverages'),(29,'Yakult Light Health Drink','YakultLightHealthDrink.jpg','162','dairybeverages'),(30,'Amul Butter','AmulButter.jpg','100','dairybeverages'),(31,'Amul Cheese Chiplets','AmulCheeseChiplets.jpg','250','dairybeverages'),(32,'Amul Fresh Paneer','AmulFreshPaneer.jpg','230','dairybeverages'),(33,'Amul Garlic _ Herbs Buttery Spread','AmulGarlicHerbsButterySpread.jpg','120','dairybeverages'),(34,'Amul Gold Homogenised Standardised Milk','AmulGoldHomogenisedStandardisedMilk.jpg','100','dairybeverages'),(35,'Amul Masti Dahi','AmulMastiDahi.jpg','100','dairybeverages'),(36,'Amul Shrikhand Elaichi','AmulShrikhandElaichi.jpg','100','dairybeverages'),(37,'Amul Shrikhand Kesar','AmulShrikhandKesar.jpg','150','dairybeverages'),(38,'Amul Taaza Toned Milk','AmulTaazaTonedMilk.jpg','160','dairybeverages'),(39,'Britannia Cheese Slices','BritanniaCheeseSlices.jpg','140','dairybeverages'),(40,'Chitale Full Cream Shrikhand Amba','ChitaleFullCreamShrikhandAmba.jpg','100','dairybeverages'),(41,'Delicious Fat Spread','DeliciousFatSpread.jpg','250','dairybeverages'),(42,'Epigamia Low Fat Greek Yogurt Alphonso Mango','EpigamiaLowFatGreekYogurtAlphonsoMango.j','230','dairybeverages'),(43,'Go Milk Double Toned Milk','GoMilkDoubleTonedMilk.jpg','120','dairybeverages'),(44,'Gowardhan Paneer Classic Block','GowardhanPaneerClassicBlock.jpg','100','dairybeverages'),(45,'Nandini Good Life Toned Milk','NandiniGoodLifeTonedMilk.jpg','100','dairybeverages'),(46,'Nestl Everyday Dairy Whitener','NestlEverydayDairyWhitener.jpg','100','dairybeverages'),(47,'Yakult Probiotic Health Drink','YakultProbioticHealthDrink.jpg','150','dairybeverages'),(48,'APPLE','APPLE.jpg','150','fruits'),(49,'cherry','cherry.jpg','100','fruits'),(50,'DRAGONFRUIT','DRAGONFRUIT.jpg','130','fruits'),(51,'figs','figs.jpg','120','fruits'),(52,'grapes','grapes.jpg','140','fruits'),(53,'images1','images1.jpeg','100','fruits'),(54,'images2','images2.jpeg','100','fruits'),(55,'images3','images3.jpeg','100','fruits'),(56,'papaya','papaya.jpg','100','fruits'),(57,'pineapple','pineapple.jpg','150','fruits'),(58,'Strawberry_','Strawberry_.jpg','110','fruits'),(59,'watermelon','watermelon.jpg','110','fruits'),(60,'Watermelon_','Watermelon_.jpg','160','fruits'),(61,'chanadal','chanadal.png','80','grocery'),(62,'dal','dal.png','40','grocery'),(63,'masoordal','masoordal.png','50','grocery'),(64,'masoordalbrown','masoordalbrown.png','60','grocery'),(65,'moongdal','moongdal.png','100','grocery'),(66,'turdal','turdal.png','80','grocery'),(67,'almonds','almonds.png','90','grocery'),(68,'anjeer','anjeer.png','40','grocery'),(69,'cashews','cashews.png','20','grocery'),(70,'dates','dates.png','70','grocery'),(71,'pista','pista.png','100','grocery'),(72,'raisinsblack','raisinsblack.jpg','120','grocery'),(73,'raisinsbrown','raisinsbrown.png','110','grocery'),(74,'walnut','walnut.png','150','grocery'),(75,'riceflour','riceflour.png','500','grocery'),(76,'wheat','wheat.png','600','grocery'),(77,'wheatflour','wheatflour.png','140','grocery'),(78,'dalda','dalda.png','1220','grocery'),(79,'daldad','daldad.png','110','grocery'),(80,'gowardhan','gowardhan.png','20','grocery'),(81,'prabhsat ghee','prabhsatghee.png','620','grocery'),(82,'avocado-oil','avocadooil.png','50','grocery'),(83,'black-sesame-seed','blacksesameseed.png','262','grocery'),(84,'coconut_oil','coconut_oil.png','549','grocery'),(85,'olive_oil','olive_oil.png','120','grocery'),(86,'peanut_oil','peanut_oil.png','130','grocery'),(87,'sesameoil','sesameoil.png','140','grocery'),(88,'blackchana','blackchana.png','110','grocery'),(89,'chawlibeans','chawlibeans.png','20','grocery'),(90,'corn','corn.png','620','grocery'),(91,'kabulichana','kabulichana.jpg','50','grocery'),(92,'matki','matki.png','262','grocery'),(93,'moong','moong.png','549','grocery'),(94,'Rajma','Rajma.png','120','grocery'),(95,'seasametilblack','seasametilblack.png','130','grocery'),(96,'til','til.png','140','grocery'),(96,'Beans','Beans.jpg','100','Vegetables'),(97,'Beetroot','Beetroot.jpg','65','Vegetables'),(98,'Broccoli','Broccoli.jpg','70','Vegetables'),(99,'Cabbages','Cabbages.jpg','80','Vegetables'),(100,'Carrots','Carrots.jpg','23','Vegetables'),(101,'Cauliflower','Cauliflower.jpg','100','Vegetables'),(102,'Garlic','Garlic.jpg','100','Vegetables'),(103,'Ginger','Ginger.jpg','90','Vegetables'),(104,'Potatoes','Potatoes.jpg','30','Vegetables'),(105,'Spinach','Spinach.jpg','70','Vegetables'),(106,'Spring_onions','Spring_onions.jpg','100','Vegetables'),(107,'Britannia Treat Croissant Cocoa Creme Roll','BritanniaTreatCroissantCocoaCremeRoll.jp','100','packagedfood'),(108,'Kwality Maska Khari','KwalityMaskaKhari.jpg','65','packagedfood'),(109,'Lotte Choco Pie Rich Cocoa','LotteChocoPieRichCocoa.jpg','70','packagedfood'),(110,'Monginis Muffins Chocolate Cake','MonginisMuffinsChocolateCake.jpg','80','packagedfood'),(111,'Monginis Swiss Roll Choco Cake','MonginisSwissRollChocoCake.jpg','23','packagedfood'),(112,'Parle Real Elaichi Premium Rusk','ParleRealElaichiPremiumRusk.jpg','100','packagedfood'),(113,'Good day biscuits_','Gooddaybiscuits_.jpg','100','packagedfood'),(114,'Hide _ seek biscuits_','Hide _ seekbiscuits_.jpg','65','packagedfood'),(115,'Unibic chocolate cookies_','Unibicchocolatecookies_.jpg','70','packagedfood'),(116,'Unibic biscuits_','Unibicbiscuits_.jpg','80','packagedfood'),(117,'Suffola masala oats','Suffolamasalaoats.jpg','23','packagedfood'),(118,'Borges Green Pitted Olives','BorgesGreenPittedOlives.jpg','100','packagedfood'),(119,'Borges Hot Pepper Stuffed Green Olives','BorgesHotPepperStuffedGreenOlives.jpg','100','packagedfood'),(120,'Ferrero chocolate_','Ferrerochocolate_.jpg','65','packagedfood'),(121,'Nestle kitkat_','Nestlekitkat_.jpg','70','packagedfood'),(122,'Baidyanath Shankha Pushpi Syrup 200 ml','BaidyanathShankhaPushpiSyrup200ml.jpg','80','packagedfood'),(123,'Dabur Chyawanprash Awaleha 1 kg','DaburChyawanprashAwaleha1kg.jpg','23','packagedfood'),(124,'Dabar honey_','Dabarhoney_.jpg','100','packagedfood'),(125,'Kissan jam','Kissanjam.jpg','100','packagedfood'),(126,'Nutella_','Nutella_.jpg','65','packagedfood'),(127,'Home chef ketchup_','Homechefketchup_.jpg','70','packagedfood'),(128,'Maggie ketchup_','Maggieketchup_.jpg','80','packagedfood'),(129,'Red chilli sauce_','Redchillisauce_.jpg','23','packagedfood'),(130,'Premia Badishep','PremiaBadishep.jpg','100','packagedfood'),(131,'Maggi Pazzta Cheese Macaroni','MaggiPazztaCheeseMacaroni.jpg','100','packagedfood'),(132,'Top Ramen Masala Noodles','TopRamenMasalaNoodles.jpg','65','packagedfood'),(133,'Pravin Mango Pickle','PravinMangoPickle.jpg','70','packagedfood'),(134,'Chitale Instant Khaman Mix','ChitaleInstantKhamanMix.jpg','80','packagedfood'),(135,'Haldiram bujia sev','Haldirambujiasev.jpg','23','packagedfood'),(136,'Knorr Classic Thick Tomato Soup','KnorrClassicThickTomatoSoup.jpg','100','packagedfood'),(137,'Amul Chocominis Chocolate Box','AmulChocominisChocolateBox.jpg','100','packagedfood'),(138,'nutralite fat spread','Nutralite_Fat_Spread.jpg','130','dairybeverages');

/*Table structure for table `orders` */

DROP TABLE IF EXISTS `orders`;

CREATE TABLE `orders` (
  `id` int(11) NOT NULL AUTO_INCREMENT,
  `uid` int(11) DEFAULT NULL,
  `ofname` text NOT NULL,
  `pid` int(11) NOT NULL,
  `quantity` int(11) NOT NULL,
  `oplace` text NOT NULL,
  `mobile` varchar(15) NOT NULL,
  `dstatus` varchar(10) NOT NULL DEFAULT 'no',
  `odate` timestamp NOT NULL DEFAULT CURRENT_TIMESTAMP,
  `ddate` date DEFAULT NULL,
  PRIMARY KEY (`id`)
) ENGINE=InnoDB AUTO_INCREMENT=19 DEFAULT CHARSET=latin1;

/*Data for the table `orders` */

insert  into `orders`(`id`,`uid`,`ofname`,`pid`,`quantity`,`oplace`,`mobile`,`dstatus`,`odate`,`ddate`) values (1,18,'nirali',44,2,'hjhgj','9078563412','no','2020-03-11 16:21:01','2020-03-18'),(2,16,'nirali',33,1,'hjhgj','9078563412','no','2020-03-11 16:23:47','2020-03-18'),(4,23,'chetan',33,1,'hjhgj','9078563412','no','2020-03-11 20:11:49','2020-03-18'),(5,23,'chetan',33,2,'hjhgj','9078563412','no','2020-03-11 20:20:25','2020-03-18'),(6,23,'chetan',33,1,'hjhgj','9078563412','no','2020-03-11 20:23:53','2020-03-18'),(7,23,'chetan',33,2,'hjhgj','9763004727','no','2020-03-11 21:51:25','2020-03-18'),(8,23,'chetan',34,1,'hjhgj','9763004727','no','2020-03-11 22:06:56','2020-03-18'),(9,23,'chetan',34,1,'hjhgj','9078563412','no','2020-03-11 22:09:18','2020-03-18'),(10,23,'chetan',36,1,'hjhgj','9078563412','no','2020-03-11 22:09:28','2020-03-18'),(11,23,'chetan',55,1,'hjhgj','9078563412','no','2020-03-11 22:09:39','2020-03-18'),(12,23,'chetan',33,1,'hjhgj','9078563412','no','2020-03-12 16:26:03','2020-03-19'),(13,23,'chetan',33,1,'dfg fgd','9078563412','no','2020-03-13 14:18:00','2020-03-20'),(14,24,'nirali',45,4,'Mumbai','8779546459','no','2020-03-16 12:27:50','2020-03-23'),(15,23,'chetan',36,1,'hjhgj','9763004727','no','2020-03-16 13:11:10','2020-03-23'),(16,25,'ajinkya',37,1,'Mumbai','9078563412','no','2020-06-13 16:47:56','2020-06-20'),(17,16,'dsf',37,2,'sd','7896541230','no','2021-02-11 13:19:30','2021-02-18'),(18,16,'chetan',3,1,'mumbai','7894561230','no','2021-02-19 13:48:51','2021-02-26');

/*Table structure for table `product_level` */

DROP TABLE IF EXISTS `product_level`;

CREATE TABLE `product_level` (
  `id` int(11) NOT NULL AUTO_INCREMENT,
  `product_id` int(11) NOT NULL,
  `v_shape` varchar(10) NOT NULL DEFAULT 'no',
  `polo` varchar(10) NOT NULL DEFAULT 'no',
  `clean_text` varchar(10) NOT NULL DEFAULT 'no',
  `design` varchar(10) NOT NULL DEFAULT 'no',
  `chain` varchar(10) NOT NULL DEFAULT 'no',
  `leather` varchar(10) NOT NULL DEFAULT 'no',
  `hook` varchar(10) NOT NULL DEFAULT 'no',
  `color` varchar(10) NOT NULL DEFAULT 'no',
  `formal` varchar(10) NOT NULL DEFAULT 'no',
  `converse` varchar(10) NOT NULL DEFAULT 'no',
  `loafer` varchar(10) NOT NULL DEFAULT 'no',
  PRIMARY KEY (`id`)
) ENGINE=MyISAM AUTO_INCREMENT=22 DEFAULT CHARSET=latin1;

/*Data for the table `product_level` */

insert  into `product_level`(`id`,`product_id`,`v_shape`,`polo`,`clean_text`,`design`,`chain`,`leather`,`hook`,`color`,`formal`,`converse`,`loafer`) values (1,1,'no','no','yes','no','no','no','no','no','no','no','no'),(2,2,'no','no','no','no','yes','yes','no','no','no','no','no'),(3,3,'no','no','no','no','no','yes','no','no','no','no','yes'),(4,4,'no','no','no','no','no','yes','yes','no','no','no','no'),(5,5,'no','yes','yes','no','no','no','no','no','no','no','no'),(6,6,'no','yes','yes','no','no','no','no','no','no','no','no'),(7,7,'yes','no','no','yes','no','no','no','no','no','no','no'),(8,8,'no','no','yes','no','no','no','no','no','no','no','no'),(9,9,'yes','no','no','yes','no','no','no','no','no','no','no'),(10,10,'yes','no','yes','no','no','no','no','no','no','no','no'),(14,14,'no','no','no','no','no','yes','yes','no','no','no','no'),(12,12,'yes','no','no','yes','no','no','no','no','no','no','no'),(13,13,'no','no','no','no','no','yes','no','no','no','no','yes'),(15,15,'no','no','no','no','no','yes','no','yes','no','no','no'),(16,16,'no','no','no','no','no','yes','yes','yes','no','no','no'),(17,17,'no','no','no','no','yes','yes','no','no','no','no','no'),(18,18,'no','no','no','no','yes','yes','no','no','no','no','no'),(19,19,'no','no','no','yes','yes','yes','no','no','no','no','no'),(20,20,'no','no','no','no','no','yes','no','no','no','yes','no'),(21,21,'no','no','no','no','no','yes','no','no','yes','no','no');

/*Table structure for table `product_view` */

DROP TABLE IF EXISTS `product_view`;

CREATE TABLE `product_view` (
  `id` int(11) NOT NULL AUTO_INCREMENT,
  `user_id` int(11) NOT NULL,
  `product_id` int(11) NOT NULL,
  `date` timestamp NOT NULL DEFAULT CURRENT_TIMESTAMP,
  PRIMARY KEY (`id`)
) ENGINE=MyISAM AUTO_INCREMENT=11 DEFAULT CHARSET=latin1;

/*Data for the table `product_view` */

insert  into `product_view`(`id`,`user_id`,`product_id`,`date`) values (1,9,9,'2018-09-22 07:49:30'),(2,9,7,'2018-09-27 08:17:43'),(3,9,12,'2018-09-22 08:50:59'),(4,9,10,'2018-09-29 08:37:11'),(5,9,5,'2018-09-22 08:49:19'),(6,9,8,'2018-09-21 21:27:50'),(7,9,6,'2018-09-22 07:42:54'),(8,9,1,'2018-09-22 08:33:36'),(9,16,6,'2019-12-29 20:48:46'),(10,16,5,'2019-12-29 20:52:57');

/*Table structure for table `products` */

DROP TABLE IF EXISTS `products`;

CREATE TABLE `products` (
  `id` int(11) NOT NULL AUTO_INCREMENT,
  `pName` varchar(100) NOT NULL,
  `price` int(11) NOT NULL,
  `description` text NOT NULL,
  `available` int(11) NOT NULL,
  `category` varchar(100) NOT NULL,
  `item` varchar(100) NOT NULL,
  `pCode` varchar(20) NOT NULL,
  `picture` text NOT NULL,
  `date` timestamp NOT NULL DEFAULT CURRENT_TIMESTAMP,
  PRIMARY KEY (`id`)
) ENGINE=InnoDB AUTO_INCREMENT=22 DEFAULT CHARSET=latin1;

/*Data for the table `products` */

insert  into `products`(`id`,`pName`,`price`,`description`,`available`,`category`,`item`,`pCode`,`picture`,`date`) values (1,'T-Shirt',120,'T-Shirt',4,'tshirt','t-shirt','t-007','MSTS14738.jpg','2018-09-20 12:40:40'),(2,'Baborry wallet',6000,'Baborry-Double-Zipper-Coin-Bag-RFID-Blocking-Men-Wallets-New-Brand-PU-Leather-Wallet-Money-Purses',3,'wallet','wallet','w-004','IMG_1212.jpg','2018-09-20 13:10:28'),(3,'Loafer Shoes',2000,'Loafer black shoes',8,'shoes','shoes','s-001','8544789_5_.jpg','2018-09-20 14:03:57'),(4,'Artificial Belt',1200,'Black artificial belt',9,'belt','belt','b-001','0283BLT.jpg','2018-09-20 14:05:44'),(5,'Polo T-shirt',500,'Polo t-shirt',10,'tshirt','t-shirt','s-002','lp00-2.jpg','2018-09-20 14:10:06'),(6,'T-shirt',300,'Polo colorful t-shirt',12,'tshirt','t-shirt','t-003','yellow_2_.jpg','2018-09-20 14:11:18'),(7,'Tshirt',200,'Design t-shirt',10,'tshirt','t-shirt','t-004','MSTSV14042.jpg','2018-09-20 14:12:11'),(8,'T-shirt',200,'Color t-shirt',20,'tshirt','t-shirt','t-005','MSTS14759.jpg','2018-09-20 14:15:39'),(9,'Men\'s Tshirt',500,'Colorful men\'s t-shirt',20,'tshirt','t-shirt','t-006','MSTSV14046.jpg','2018-09-20 14:27:07'),(10,'Sports tshirt',1000,'Real madrid t-shirt',5,'tshirt','t-shirt','t-007','MSTSV14039.jpg','2018-09-20 14:28:38'),(12,'T-shirt',300,'Design t-shirt',10,'tshirt','t-shirt','t-010','MSTSV14049.jpg','2018-09-20 14:32:04'),(13,'Leather Shoes',2000,'Best leather shoes',10,'shoes','shoes','s-002','8546789_5_.jpg','2018-09-21 16:09:32'),(14,'Belt',2000,'Nice belt',20,'belt','belt','b-003','gbdl18_1.png','2018-10-01 09:17:08'),(15,'Belt',300,'Nice one belt',20,'belt','belt','b-004','101010_1_.jpg','2018-10-01 09:18:09'),(16,'Mens Belt',300,'Mens belt',15,'belt','belt','b-005','image4_2.jpg','2018-10-01 09:19:08'),(17,'Leather Wallet',100,'Leather wallet',10,'wallet','wallet','w-005','Baborry-Double-Zipper-Coin-Bag-RFID-Blocking-Men-Wallets-New-Brand-PU-Leather-Wallet-Money-Purses.jpg_640x640.jpg','2018-10-01 09:21:52'),(18,'Wallet',300,'Wallet',20,'wallet','wallet','w-007','1881_G.jpg','2018-10-01 09:22:43'),(19,'Black walllet',300,'Black mens wallet',20,'wallet','wallet','w-009','image5_1_2.jpg','2018-10-01 09:23:37'),(20,'Men\'s Shoes',1200,'Men\'s shoes',23,'shoes','shoes','s-003','IMG_2429.jpg','2018-10-01 09:26:41'),(21,'Shoes',2000,'Formal Shoes',12,'shoes','shoes','s-004','G51A7054.jpg','2018-10-01 09:27:24');

/*Table structure for table `users` */

DROP TABLE IF EXISTS `users`;

CREATE TABLE `users` (
  `id` int(11) NOT NULL AUTO_INCREMENT,
  `name` varchar(50) NOT NULL,
  `email` varchar(50) NOT NULL,
  `username` varchar(25) NOT NULL,
  `password` varchar(100) NOT NULL,
  `mobile` varchar(20) NOT NULL,
  `reg_time` timestamp NOT NULL DEFAULT CURRENT_TIMESTAMP,
  `online` varchar(1) NOT NULL DEFAULT '0',
  `activation` varchar(3) NOT NULL DEFAULT 'yes',
  `noofpeople` varchar(10) DEFAULT '',
  `children` varchar(10) DEFAULT '',
  `age` varchar(10) DEFAULT '',
  `pincode` varchar(10) DEFAULT '',
  PRIMARY KEY (`id`)
) ENGINE=MyISAM AUTO_INCREMENT=26 DEFAULT CHARSET=latin1;

/*Data for the table `users` */

insert  into `users`(`id`,`name`,`email`,`username`,`password`,`mobile`,`reg_time`,`online`,`activation`,`noofpeople`,`children`,`age`,`pincode`) values (12,'Mukul','mukul@gmail.com','mukul','$5$rounds=535000$6PJhbzFlfJbcQbza$FbrPa3qqk1RJ5MSffRLO6LrQJXbgO8SudFuBpNf.wR7','','2018-07-23 19:39:14','0','yes','','','',''),(9,'Nur Mohsin','mohsin@gmail.com','mohsin','$5$rounds=535000$EnLkwqfGWGcWklRL$q9PbYw/TVXSzs.QpgUouZ3.6BzaPG2eLHkTyv.Qx80D','123456789022','2018-07-21 12:17:57','1','yes','','','',''),(14,'Nur Mohsin','khan@gmail.com','khan','$5$rounds=535000$wLKTQexvPQHueUsK$aFrFUXBHjrrAH61EFiYgj8cZECaaz8y6S5XS/zkkHw9','','2018-09-07 14:32:35','0','yes','','','',''),(13,'Robin','robin@gmail.com','robin','$5$rounds=535000$uiZc/VCwwa3XCTTe$Ec.JOjy4GkjpAXHtAvGt6pSc6KszajHgcyZy8v6Ivk1','','2018-07-26 18:06:57','0','yes','','','',''),(15,'Sujon','sujon@yahoo.com','sujons','$5$rounds=535000$aGykDT1yrocgTaDt$p2dDAMDz9g3N6o/Jj7QJY9B6NnMlUot.DCq/LOsCS13','89345793753','2018-09-08 19:28:36','0','yes','','','',''),(16,'ningeshkumar m k','ningesh1406@gmail.com','ningesh','$5$rounds=535000$mAhn.uSIxd5DjRal$5dbchHPO3JezgWNWB4G87EFEZJQDjSA1n8l2/YzEa2.','18655221446','2019-12-29 20:48:19','1','yes','','','',''),(18,'nirali','nirali@gmail.com','nirali','$5$rounds=535000$R/4yFqlxBwdwsZVt$Dfgj7OJBKPFTlXHmE3Rj9SIyDXshq7RPIOSwBfl2NY.','1234567890','2020-03-11 16:08:56','0','yes','','','',''),(23,'chetan','chetan@gmail.com','chetan','$5$rounds=535000$krH8zQSljfwBD5ne$V6Xy5Z3wk2axyzmnSUXwU8A/uxDqcGRteGGptUo.9H7','7894561230','2020-03-11 19:05:21','1','yes','2','2','23','123456'),(24,'nirali','nirali@gmail.com','abcd','$5$rounds=535000$trcH9BM/v4ysFm0w$6Ic2HT0VMB1OnGst5BAf2Z3EicUwgtOL7LZ0Jrn1A0.','8779546458','2020-03-16 12:22:48','1','yes','6','2','20','400067'),(25,'ajinkya','ajinkya@gmail.com','ajinkya123','$5$rounds=535000$XFpygcEHKesy5kko$XIMXEKm.lLibJIxyPaRdjwMH1nAHN19fto7al0eP5qA','9004545000','2020-06-13 16:46:15','0','yes','2','2','26','456123');

/*!40101 SET SQL_MODE=@OLD_SQL_MODE */;
/*!40014 SET FOREIGN_KEY_CHECKS=@OLD_FOREIGN_KEY_CHECKS */;
