/*
SQLyog Community Edition- MySQL GUI v7.01 
MySQL - 5.0.27-community-nt : Database - shoptubedb
*********************************************************************
*/

/*!40101 SET NAMES utf8 */;

/*!40101 SET SQL_MODE=''*/;

/*!40014 SET @OLD_FOREIGN_KEY_CHECKS=@@FOREIGN_KEY_CHECKS, FOREIGN_KEY_CHECKS=0 */;
/*!40101 SET @OLD_SQL_MODE=@@SQL_MODE, SQL_MODE='NO_AUTO_VALUE_ON_ZERO' */;

CREATE DATABASE /*!32312 IF NOT EXISTS*/`shoptubedb` /*!40100 DEFAULT CHARACTER SET latin1 */;

USE `shoptubedb`;

/*Table structure for table `admin` */

DROP TABLE IF EXISTS `admin`;

CREATE TABLE `admin` (
  `id` int(11) NOT NULL auto_increment,
  `firstName` varchar(125) NOT NULL,
  `lastName` varchar(125) NOT NULL,
  `email` varchar(100) NOT NULL,
  `mobile` varchar(25) NOT NULL,
  `address` text NOT NULL,
  `password` varchar(100) NOT NULL,
  `type` varchar(20) NOT NULL,
  `confirmCode` varchar(10) NOT NULL,
  PRIMARY KEY  (`id`)
) ENGINE=InnoDB DEFAULT CHARSET=latin1;

/*Data for the table `admin` */

insert  into `admin`(`id`,`firstName`,`lastName`,`email`,`mobile`,`address`,`password`,`type`,`confirmCode`) values (4,'Nur','Mohsin','mohsin@gmail.com','01677876551','Dhaka','$5$rounds=535000$WOAOMdgoK2JpZLY5$RFH9BZQCB3NEvG4R/FofxxJL/PUaeZm7T6G9P3PRg05','manager','0');

/*Table structure for table `groceryname` */

DROP TABLE IF EXISTS `groceryname`;

CREATE TABLE `groceryname` (
  `id` int(11) NOT NULL auto_increment,
  `name` varchar(50) default NULL,
  `imagename` varchar(40) default NULL,
  `price` varchar(15) default NULL,
  `category` varchar(40) default NULL,
  UNIQUE KEY `id` (`id`)
) ENGINE=InnoDB DEFAULT CHARSET=latin1;

/*Data for the table `groceryname` */

insert  into `groceryname`(`id`,`name`,`imagename`,`price`,`category`) values (33,'citrus fruit','citrus_fruit.jpg','150','fruit'),(34,'semi-finished bread','semi_finished_bread.jpg','100','bakery'),(35,'margarine','margarine.jpg','50','bakery'),(36,'ready soups\n','ready_soups.jpg','75','homeproduct'),(37,'tropical fruit','tropical_fruit.jpg','200','fruit'),(38,'yogurt','yogurt.jpg','500','homeproduct'),(39,'coffee\n','coffee.jpg','145','drink'),(40,'whole milk\n','whole_milk.jpg','225','bakery'),(41,'pip fruit','pip_fruit.jpg','235','fruit'),(42,'cream cheese','cream_cheese.jpg','562','bakery'),(43,'meat spreads\n','meat_spreads.jpg','456','homeproduct'),(44,'other vegetables','other_vegetables.jpg','456','homeproduct'),(45,'whole milk','whole_milk.jpg','123','bakery'),(46,'condensed milk','condensed_milk.jpg','223','bakery'),(47,'long life bakery product\n','long_life_bakery_products.jpg','250','bakery'),(48,'butter','butter.jpg','147','bakery'),(49,'rice','rice.jpg','800','homeproduct'),(50,'abrasive cleaner\n','abrasive_cleaner.jpg','450','homeproduct'),(51,'rolls/buns\n','rolls_buns.jpg','650','bakery'),(52,'UHT-milk','UHT_milk.jpg','50','bakery'),(53,'rolls/buns','rolls_buns.jpg','223','bakery'),(54,'bottled beer','bottled_beer.jpg','226','drink'),(55,'liquor (appetizer)\n','liquor_appetizer.jpg','224','drink'),(56,'pot plants\n','pot_plants.jpg','750','homeproduct'),(57,'cereals\n','cereals.jpg','950','homeproduct'),(58,'white bread','white_bread.jpg','850','bakery'),(59,'bottled water','bottled_water.jpg','240','drink'),(60,'chocolate\n','chocolate.jpg','260','homeproduct'),(61,'curd','curd.jpg','50','bakery'),(62,'flour','flour.jpg','60','homeproduct'),(63,'dishes\n','dishes.jpg','40','homeproduct'),(64,'beef\n','beef.jpg','120','homeproduct'),(65,'frankfurter','frankfurter.jpg','150','homeproduct'),(66,'soda\n','soda.jpg','445','drink'),(67,'chicken','chicken.jpg','120','homeproduct'),(68,'tropical fruit\n','tropical_fruit.jpg','320','fruit'),(69,'sugar','sugar.jpg','780','Home'),(70,'fruit/vegetable juice','fruit_vegetable_juice.jpg','30','homeproduct'),(71,'newspapers\n','newpapers.jpg','10','homeproduct'),(72,'fruit/vegetable juice\n','fruit_vegetable_juice.jpg','100','drink'),(73,'packaged fruit/vegetables\n','packaged_fruit_vegetables.jpg','200','fruit'),(74,'specialty bar\n',NULL,'300',NULL),(75,'other vegetables\n',NULL,'700',NULL),(76,'butter milk','butter_milk.jpg','600','drink'),(77,'pastry\n','pastry.jpg','450','homeproduct'),(78,'processed cheese','processed_cheese.jpg','650','bakery'),(79,'detergent','detergent.jpg','230','homeproduct'),(80,'root vegetables','root_vegetables.jpg','120','fruit'),(81,'frozen dessert','frozen_dessert.jpg','150','fruit'),(82,'sweet spreads','','220',''),(83,'salty snack','salty_snack.jpg','200','homeproduct'),(84,'waffles','waffles.jpg','100','bakery'),(85,'candy','candy.jpg','100','homeproduct'),(86,'bathroom cleaner\n','bathroom_cleaner.jpg','150','homeproduct'),(87,'canned beer\n','canned_beer.jpg','210','drink'),(88,'yogurt\n','yogurt.jpg','450','homeproduct'),(89,'sausage','sausage.jpg','123','homeproduct'),(90,'soda','soda.jpg','450','drink'),(91,'brown bread','brown_bread.jpg','650','bakery'),(92,'canned beer','canned_beer.jpg','230','drink'),(93,'newspapers','newpapers.jpg','220','homeproduct'),(94,'shopping bags\n','shopping_bags.jpg','280','homeproduct'),(95,'beverages','beverages.jpg','210','homeproduct'),(96,'hamburger meat','','250',''),(97,'spices','spices.jpg','125','homeproduct'),(98,'hygiene articles','','225',''),(99,'napkins\n','napkins.jpg','220','homeproduct'),(100,'sugar\n','sugar.jpg','230','homeproduct'),(101,'pork','pork.jpg','210','bakery'),(102,'berries','berries.jpg','400','fruit'),(103,'whipped/sour cream','whipped_sour_cream.jpg','600','bakery'),(104,'artif. sweetener','',NULL,''),(105,'beef','',NULL,''),(106,'grapes','grapes.jpg','300','fruit'),(107,'detergent\n','',NULL,''),(108,'pastry','',NULL,''),(109,'dessert\n','',NULL,''),(110,'zwieback','',NULL,''),(111,'specialty bar','',NULL,''),(112,'domestic eggs','',NULL,''),(113,'cereals','',NULL,''),(114,'coffee','',NULL,''),(115,'candy\n','',NULL,''),(116,'spread cheese','',NULL,''),(117,'bottled water\n','',NULL,''),(118,'misc. beverages\n','',NULL,''),(119,'hard cheese','',NULL,''),(120,'cat food','',NULL,''),(121,'ham','',NULL,''),(122,'turkey','',NULL,''),(123,'baking powder','',NULL,''),(124,'pickled vegetables','',NULL,''),(125,'packaged fruit/vegetables','',NULL,''),(126,'oil','',NULL,''),(127,'chewing gum','',NULL,''),(128,'chocolate marshmallow','',NULL,''),(129,'ice cream','',NULL,''),(130,'cat food\n','',NULL,''),(131,'frozen vegetables','',NULL,''),(132,'canned fish','',NULL,''),(133,'seasonal products','',NULL,''),(134,'curd cheese','',NULL,''),(135,'red/blush wine','',NULL,''),(136,'curd\n','',NULL,''),(137,'frozen potato products','',NULL,''),(138,'red/blush wine\n','',NULL,''),(139,'specialty fat','',NULL,''),(140,'specialty chocolate','',NULL,''),(141,'candles','',NULL,''),(142,'flower (seeds)\n','',NULL,''),(143,'sparkling wine','',NULL,''),(144,'meat spreads','',NULL,''),(145,'frozen potato products\n','',NULL,''),(146,'salt','',NULL,''),(147,'bottled beer\n','',NULL,''),(148,'frozen meals','',NULL,''),(149,'canned vegetables','',NULL,''),(150,'onions','',NULL,''),(151,'frozen vegetables\n','',NULL,''),(152,'herbs','',NULL,''),(153,'white wine','',NULL,''),(154,'candles\n','',NULL,''),(155,'brandy','',NULL,''),(156,'whipped/sour cream\n','',NULL,''),(157,'berries\n','',NULL,''),(158,'cream cheese \n','',NULL,''),(159,'photo/film\n','',NULL,''),(160,'sliced cheese','',NULL,''),(161,'pasta','',NULL,''),(162,'brown bread\n','',NULL,''),(163,'softener','',NULL,''),(164,'napkins','',NULL,''),(165,'photo/film','',NULL,''),(166,'cling film/bags\n','',NULL,''),(167,'processed cheese\n','',NULL,''),(168,'pip fruit\n','',NULL,''),(169,'dessert','',NULL,''),(170,'sparkling wine\n','',NULL,''),(171,'fish','',NULL,''),(172,'long life bakery product','',NULL,''),(173,'male cosmetics','',NULL,''),(174,'waffles\n','',NULL,''),(175,'canned fruit','',NULL,''),(176,'misc. beverages','',NULL,''),(177,'hygiene articles\n','',NULL,''),(178,'curd cheese\n','',NULL,''),(179,'Instant food products\n','',NULL,''),(180,'margarine\n','',NULL,''),(181,'soft cheese','',NULL,''),(182,'baking powder\n','',NULL,''),(183,'honey','',NULL,''),(184,'dental care\n','',NULL,''),(185,'popcorn\n','',NULL,NULL),(186,'cake bar','',NULL,NULL),(187,'chocolate','',NULL,NULL),(188,'dishes','',NULL,NULL),(189,'snack products\n','',NULL,NULL),(190,'cling film/bags','',NULL,NULL),(191,'flower soil/fertilizer\n','',NULL,NULL),(192,'chewing gum\n','',NULL,NULL),(193,'specialty cheese','',NULL,NULL),(194,'finished products','',NULL,NULL),(195,'cocoa drinks','',NULL,NULL),(196,'dog food\n','',NULL,NULL),(197,'salt\n','',NULL,''),(198,'ice cream\n','',NULL,''),(199,'prosecco\n','',NULL,''),(200,'frozen fish','',NULL,''),(201,'liquor (appetizer)','',NULL,''),(202,'spices\n','',NULL,''),(203,'specialty chocolate\n','',NULL,''),(204,'make up remover','',NULL,''),(205,'beverages\n','',NULL,''),(206,'cleaner','',NULL,''),(207,'female sanitary products\n','',NULL,''),(208,'dish cleaner',NULL,NULL,NULL),(209,'cookware\n',NULL,NULL,NULL),(210,'white wine\n',NULL,NULL,NULL),(211,'meat',NULL,NULL,NULL),(212,'cake bar\n',NULL,NULL,NULL),(213,'tea',NULL,NULL,NULL),(214,'mustard',NULL,NULL,NULL),(215,'house keeping products',NULL,NULL,NULL),(216,'Instant food products',NULL,NULL,NULL),(217,'skin care',NULL,NULL,NULL),(218,'potato products',NULL,NULL,NULL),(219,'liquor\n',NULL,NULL,NULL),(220,'pet care',NULL,NULL,NULL),(221,'pork\n',NULL,NULL,NULL),(222,'soups',NULL,NULL,NULL),(223,'root vegetables\n',NULL,NULL,NULL),(224,'rum\n',NULL,NULL,NULL),(225,'salad dressing',NULL,NULL,NULL),(226,'pasta\n',NULL,NULL,NULL),(227,'sauces\n',NULL,NULL,NULL),(228,'sausage\n',NULL,NULL,NULL),(229,'vinegar',NULL,NULL,NULL),(230,'soap\n',NULL,NULL,NULL),(231,'abrasive cleaner',NULL,NULL,NULL),(232,'cleaner\n',NULL,NULL,NULL),(233,'hair spray\n',NULL,NULL,NULL),(234,'instant coffee\n',NULL,NULL,NULL),(235,'salty snack\n',NULL,NULL,NULL),(236,'chicken\n',NULL,NULL,NULL),(237,'roll products ',NULL,NULL,NULL),(238,'mayonnaise',NULL,NULL,NULL),(239,'rubbing alcohol\n',NULL,NULL,NULL),(240,'dish cleaner\n',NULL,NULL,NULL),(241,'oil\n',NULL,NULL,NULL),(242,'citrus fruit\n',NULL,NULL,NULL),(243,'butter milk\n',NULL,NULL,NULL),(244,'soft cheese\n',NULL,NULL,NULL),(245,'domestic eggs\n',NULL,NULL,NULL),(246,'white bread\n',NULL,NULL,NULL),(247,'syrup',NULL,NULL,NULL),(248,'dog food',NULL,NULL,NULL),(249,'liver loaf',NULL,NULL,NULL),(250,'soap',NULL,NULL,NULL),(251,'hamburger meat\n',NULL,NULL,NULL),(252,'frozen dessert\n',NULL,NULL,NULL),(253,'sliced cheese\n',NULL,NULL,NULL),(254,'bathroom cleaner',NULL,NULL,NULL),(255,'pet care\n',NULL,NULL,NULL),(256,'male cosmetics\n',NULL,NULL,NULL),(257,'softener\n',NULL,NULL,NULL),(258,'dental care',NULL,NULL,NULL),(259,'brandy\n',NULL,NULL,NULL),(260,'instant coffee',NULL,NULL,NULL),(261,'house keeping products\n',NULL,NULL,NULL),(262,'roll products \n',NULL,NULL,NULL),(263,'snack products',NULL,NULL,NULL),(264,'seasonal products\n',NULL,NULL,NULL),(265,'rum',NULL,NULL,NULL),(266,'baby cosmetics\n',NULL,NULL,NULL),(267,'organic products',NULL,NULL,NULL),(268,'canned fish\n',NULL,NULL,NULL),(269,'nut snack\n',NULL,NULL,NULL),(270,'chocolate marshmallow\n',NULL,NULL,NULL),(271,'frankfurter\n',NULL,NULL,NULL),(272,'kitchen towels',NULL,NULL,NULL),(273,'rubbing alcohol',NULL,NULL,NULL),(274,'frozen chicken\n',NULL,NULL,NULL),(275,'pickled vegetables\n',NULL,NULL,NULL),(276,'light bulbs',NULL,NULL,NULL),(277,'skin care\n',NULL,NULL,NULL),(278,'kitchen towels\n',NULL,NULL,NULL),(279,'ketchup',NULL,NULL,NULL),(280,'liquor',NULL,NULL,NULL),(281,'female sanitary products',NULL,NULL,NULL),(282,'jam',NULL,NULL,NULL),(283,'butter\n',NULL,NULL,NULL),(284,'ready soups',NULL,NULL,NULL),(285,'decalcifier',NULL,NULL,NULL),(286,'semi-finished bread\n',NULL,NULL,NULL),(287,'mustard\n',NULL,NULL,NULL),(288,'decalcifier\n',NULL,NULL,NULL),(289,'flour\n',NULL,NULL,NULL),(290,'mayonnaise\n',NULL,NULL,NULL),(291,'rice\n',NULL,NULL,NULL),(292,'nuts/prunes',NULL,NULL,NULL),(293,'pot plants',NULL,NULL,NULL),(294,'popcorn',NULL,NULL,NULL),(295,'liqueur',NULL,NULL,NULL),(296,'organic sausage',NULL,NULL,NULL),(297,'zwieback\n',NULL,NULL,NULL),(298,'canned vegetables\n',NULL,NULL,NULL),(299,'grapes\n',NULL,NULL,NULL),(300,'flower (seeds)',NULL,NULL,NULL),(301,'light bulbs\n',NULL,NULL,NULL),(302,'tea\n',NULL,NULL,NULL),(303,'onions\n',NULL,NULL,NULL),(304,'cream',NULL,NULL,NULL),(305,'toilet cleaner',NULL,NULL,NULL),(306,'specialty vegetables',NULL,NULL,NULL),(307,'specialty cheese\n',NULL,NULL,NULL),(308,'sauces',NULL,NULL,NULL),(309,'baby food',NULL,NULL,NULL),(310,'cookware',NULL,NULL,NULL),(311,'pudding powder\n',NULL,NULL,NULL),(312,'prosecco',NULL,NULL,NULL),(313,'tidbits',NULL,NULL,NULL),(314,'baby cosmetics',NULL,NULL,NULL),(315,'whisky',NULL,NULL,NULL),(316,'frozen fish\n',NULL,NULL,NULL),(317,'sweet spreads\n',NULL,NULL,NULL),(318,'herbs\n',NULL,NULL,NULL),(319,'hair spray',NULL,NULL,NULL),(320,'frozen fruits',NULL,NULL,NULL),(321,'UHT-milk\n',NULL,NULL,NULL),(322,'specialty fat\n',NULL,NULL,NULL),(323,'pudding powder',NULL,NULL,NULL),(324,'bags\n',NULL,NULL,NULL),(325,'cooking chocolate',NULL,NULL,NULL),(326,'potato products\n',NULL,NULL,NULL),(327,'frozen meals\n',NULL,NULL,NULL),(328,'syrup\n',NULL,NULL,NULL),(329,'flower soil/fertilizer',NULL,NULL,NULL),(330,'hard cheese\n',NULL,NULL,NULL),(331,'nut snack',NULL,NULL,NULL),(332,'spread cheese\n',NULL,NULL,NULL),(333,'jam\n',NULL,NULL,NULL),(334,'ham\n',NULL,NULL,NULL),(335,'ketchup\n',NULL,NULL,NULL),(336,'cream\n',NULL,NULL,NULL),(337,'canned fruit\n',NULL,NULL,NULL),(338,'specialty vegetables\n',NULL,NULL,NULL),(339,'cooking chocolate\n',NULL,NULL,NULL),(340,'meat\n',NULL,NULL,NULL),(341,'turkey\n',NULL,NULL,NULL),(342,'tidbits\n',NULL,NULL,NULL),(343,'vinegar\n',NULL,NULL,NULL),(344,'frozen chicken',NULL,NULL,NULL),(345,'liqueur\n',NULL,NULL,NULL),(346,'condensed milk\n',NULL,NULL,NULL),(347,'sound storage medium',NULL,NULL,NULL),(348,'nuts/prunes\n',NULL,NULL,NULL),(349,'toilet cleaner\n',NULL,NULL,NULL),(350,'whisky\n',NULL,NULL,NULL),(351,'artif. sweetener\n',NULL,NULL,NULL),(352,'make up remover\n',NULL,NULL,NULL),(353,'finished products\n',NULL,NULL,NULL),(354,'soups\n',NULL,NULL,NULL),(355,'kitchen utensil\n',NULL,NULL,NULL),(356,'cocoa drinks\n',NULL,NULL,NULL),(357,'preservation products\n',NULL,NULL,NULL),(358,'kitchen utensil',NULL,NULL,NULL),(359,'liver loaf\n',NULL,NULL,NULL),(360,'honey\n',NULL,NULL,NULL),(361,'organic products\n',NULL,NULL,NULL),(362,'preservation products',NULL,NULL,NULL),(363,'frozen fruits\n',NULL,NULL,NULL),(364,'1',NULL,NULL,NULL),(365,'2',NULL,NULL,NULL),(366,'3',NULL,NULL,NULL),(367,'4',NULL,NULL,NULL),(368,'5',NULL,NULL,NULL),(369,'6',NULL,NULL,NULL),(370,'7',NULL,NULL,NULL),(371,'8',NULL,NULL,NULL),(372,'9',NULL,NULL,NULL),(373,'10',NULL,NULL,NULL),(374,'',NULL,NULL,NULL),(375,'12',NULL,NULL,NULL),(376,'13',NULL,NULL,NULL),(377,'14',NULL,NULL,NULL),(378,'15',NULL,NULL,NULL),(379,'16',NULL,NULL,NULL),(380,'17',NULL,NULL,NULL),(381,'18',NULL,NULL,NULL),(382,'19',NULL,NULL,NULL),(383,'20',NULL,NULL,NULL),(384,'21',NULL,NULL,NULL),(385,'22',NULL,NULL,NULL),(386,'23',NULL,NULL,NULL),(387,'24',NULL,NULL,NULL),(388,'25',NULL,NULL,NULL),(389,'26',NULL,NULL,NULL),(390,'27',NULL,NULL,NULL),(391,'28',NULL,NULL,NULL),(392,'29',NULL,NULL,NULL),(393,'30',NULL,NULL,NULL),(394,'31',NULL,NULL,NULL),(395,'32\n',NULL,NULL,NULL),(396,'citrus fruit',NULL,NULL,NULL),(397,'semi-finished bread',NULL,NULL,NULL),(398,'margarine',NULL,NULL,NULL),(399,'ready soups\n',NULL,NULL,NULL),(400,'tropical fruit',NULL,NULL,NULL),(401,'yogurt',NULL,NULL,NULL),(402,'coffee\n',NULL,NULL,NULL),(403,'whole milk\n',NULL,NULL,NULL),(404,'pip fruit',NULL,NULL,NULL),(405,'cream cheese ',NULL,NULL,NULL),(406,'meat spreads\n',NULL,NULL,NULL),(407,'other vegetables',NULL,NULL,NULL),(408,'whole milk',NULL,NULL,NULL),(409,'condensed milk',NULL,NULL,NULL),(410,'long life bakery product\n',NULL,NULL,NULL),(411,'butter',NULL,NULL,NULL),(412,'rice',NULL,NULL,NULL),(413,'abrasive cleaner\n',NULL,NULL,NULL),(414,'rolls/buns\n',NULL,NULL,NULL),(415,'UHT-milk',NULL,NULL,NULL),(416,'rolls/buns',NULL,NULL,NULL),(417,'bottled beer',NULL,NULL,NULL),(418,'liquor (appetizer)\n',NULL,NULL,NULL),(419,'pot plants\n',NULL,NULL,NULL),(420,'cereals\n',NULL,NULL,NULL),(421,'white bread',NULL,NULL,NULL),(422,'bottled water',NULL,NULL,NULL),(423,'chocolate\n',NULL,NULL,NULL),(424,'curd',NULL,NULL,NULL),(425,'flour',NULL,NULL,NULL),(426,'dishes\n',NULL,NULL,NULL),(427,'beef\n',NULL,NULL,NULL),(428,'frankfurter',NULL,NULL,NULL),(429,'soda\n',NULL,NULL,NULL),(430,'chicken',NULL,NULL,NULL),(431,'tropical fruit\n',NULL,NULL,NULL),(432,'sugar',NULL,NULL,NULL),(433,'fruit/vegetable juice',NULL,NULL,NULL),(434,'newspapers\n',NULL,NULL,NULL),(435,'fruit/vegetable juice\n',NULL,NULL,NULL),(436,'packaged fruit/vegetables\n',NULL,NULL,NULL),(437,'specialty bar\n',NULL,NULL,NULL),(438,'other vegetables\n',NULL,NULL,NULL),(439,'butter milk',NULL,NULL,NULL),(440,'pastry\n',NULL,NULL,NULL),(441,'processed cheese',NULL,NULL,NULL),(442,'detergent',NULL,NULL,NULL),(443,'root vegetables',NULL,NULL,NULL),(444,'frozen dessert',NULL,NULL,NULL),(445,'sweet spreads',NULL,NULL,NULL),(446,'salty snack',NULL,NULL,NULL),(447,'waffles',NULL,NULL,NULL),(448,'candy',NULL,NULL,NULL),(449,'bathroom cleaner\n',NULL,NULL,NULL),(450,'canned beer\n',NULL,NULL,NULL),(451,'yogurt\n',NULL,NULL,NULL),(452,'sausage',NULL,NULL,NULL),(453,'soda',NULL,NULL,NULL),(454,'brown bread',NULL,NULL,NULL),(455,'canned beer',NULL,NULL,NULL),(456,'newspapers',NULL,NULL,NULL),(457,'shopping bags\n',NULL,NULL,NULL),(458,'beverages',NULL,NULL,NULL),(459,'hamburger meat',NULL,NULL,NULL),(460,'spices',NULL,NULL,NULL),(461,'hygiene articles',NULL,NULL,NULL),(462,'napkins\n',NULL,NULL,NULL),(463,'sugar\n',NULL,NULL,NULL),(464,'pork',NULL,NULL,NULL),(465,'berries',NULL,NULL,NULL),(466,'whipped/sour cream',NULL,NULL,NULL),(467,'artif. sweetener',NULL,NULL,NULL),(468,'beef',NULL,NULL,NULL),(469,'grapes',NULL,NULL,NULL),(470,'detergent\n',NULL,NULL,NULL),(471,'pastry',NULL,NULL,NULL),(472,'dessert\n',NULL,NULL,NULL),(473,'zwieback',NULL,NULL,NULL),(474,'specialty bar',NULL,NULL,NULL),(475,'domestic eggs',NULL,NULL,NULL),(476,'cereals',NULL,NULL,NULL),(477,'coffee',NULL,NULL,NULL),(478,'candy\n',NULL,NULL,NULL),(479,'spread cheese',NULL,NULL,NULL),(480,'bottled water\n',NULL,NULL,NULL),(481,'misc. beverages\n',NULL,NULL,NULL),(482,'hard cheese',NULL,NULL,NULL),(483,'cat food',NULL,NULL,NULL),(484,'ham',NULL,NULL,NULL),(485,'turkey',NULL,NULL,NULL),(486,'baking powder',NULL,NULL,NULL),(487,'pickled vegetables',NULL,NULL,NULL),(488,'packaged fruit/vegetables',NULL,NULL,NULL),(489,'oil',NULL,NULL,NULL),(490,'chewing gum',NULL,NULL,NULL),(491,'chocolate marshmallow',NULL,NULL,NULL),(492,'ice cream',NULL,NULL,NULL),(493,'cat food\n',NULL,NULL,NULL),(494,'frozen vegetables',NULL,NULL,NULL),(495,'canned fish',NULL,NULL,NULL),(496,'seasonal products',NULL,NULL,NULL),(497,'curd cheese',NULL,NULL,NULL),(498,'red/blush wine',NULL,NULL,NULL),(499,'curd\n',NULL,NULL,NULL),(500,'frozen potato products',NULL,NULL,NULL),(501,'red/blush wine\n',NULL,NULL,NULL),(502,'specialty fat',NULL,NULL,NULL),(503,'specialty chocolate',NULL,NULL,NULL),(504,'candles',NULL,NULL,NULL),(505,'flower (seeds)\n',NULL,NULL,NULL),(506,'sparkling wine',NULL,NULL,NULL),(507,'meat spreads',NULL,NULL,NULL),(508,'frozen potato products\n',NULL,NULL,NULL),(509,'salt',NULL,NULL,NULL),(510,'bottled beer\n',NULL,NULL,NULL),(511,'frozen meals',NULL,NULL,NULL),(512,'canned vegetables',NULL,NULL,NULL),(513,'onions',NULL,NULL,NULL),(514,'frozen vegetables\n',NULL,NULL,NULL),(515,'herbs',NULL,NULL,NULL),(516,'white wine',NULL,NULL,NULL),(517,'candles\n',NULL,NULL,NULL),(518,'brandy',NULL,NULL,NULL),(519,'whipped/sour cream\n',NULL,NULL,NULL),(520,'berries\n',NULL,NULL,NULL),(521,'cream cheese \n',NULL,NULL,NULL),(522,'photo/film\n',NULL,NULL,NULL),(523,'sliced cheese',NULL,NULL,NULL),(524,'pasta',NULL,NULL,NULL),(525,'brown bread\n',NULL,NULL,NULL),(526,'softener',NULL,NULL,NULL),(527,'napkins',NULL,NULL,NULL),(528,'photo/film',NULL,NULL,NULL),(529,'cling film/bags\n',NULL,NULL,NULL),(530,'processed cheese\n',NULL,NULL,NULL),(531,'pip fruit\n',NULL,NULL,NULL),(532,'dessert',NULL,NULL,NULL),(533,'sparkling wine\n',NULL,NULL,NULL),(534,'fish',NULL,NULL,NULL),(535,'long life bakery product',NULL,NULL,NULL),(536,'male cosmetics',NULL,NULL,NULL),(537,'waffles\n',NULL,NULL,NULL),(538,'canned fruit',NULL,NULL,NULL),(539,'misc. beverages',NULL,NULL,NULL),(540,'hygiene articles\n',NULL,NULL,NULL),(541,'curd cheese\n',NULL,NULL,NULL),(542,'Instant food products\n',NULL,NULL,NULL),(543,'margarine\n',NULL,NULL,NULL),(544,'soft cheese',NULL,NULL,NULL),(545,'baking powder\n',NULL,NULL,NULL),(546,'honey',NULL,NULL,NULL),(547,'dental care\n',NULL,NULL,NULL),(548,'popcorn\n',NULL,NULL,NULL),(549,'cake bar',NULL,NULL,NULL),(550,'chocolate',NULL,NULL,NULL),(551,'dishes',NULL,NULL,NULL),(552,'snack products\n',NULL,NULL,NULL),(553,'cling film/bags',NULL,NULL,NULL),(554,'flower soil/fertilizer\n',NULL,NULL,NULL),(555,'chewing gum\n',NULL,NULL,NULL),(556,'specialty cheese',NULL,NULL,NULL),(557,'finished products',NULL,NULL,NULL),(558,'cocoa drinks',NULL,NULL,NULL),(559,'dog food\n',NULL,NULL,NULL),(560,'salt\n',NULL,NULL,NULL),(561,'ice cream\n',NULL,NULL,NULL),(562,'prosecco\n',NULL,NULL,NULL),(563,'frozen fish',NULL,NULL,NULL),(564,'liquor (appetizer)',NULL,NULL,NULL),(565,'spices\n',NULL,NULL,NULL),(566,'specialty chocolate\n',NULL,NULL,NULL),(567,'make up remover',NULL,NULL,NULL),(568,'beverages\n',NULL,NULL,NULL),(569,'cleaner',NULL,NULL,NULL),(570,'female sanitary products\n',NULL,NULL,NULL),(571,'dish cleaner',NULL,NULL,NULL),(572,'cookware\n',NULL,NULL,NULL),(573,'white wine\n',NULL,NULL,NULL),(574,'meat',NULL,NULL,NULL),(575,'cake bar\n',NULL,NULL,NULL),(576,'tea',NULL,NULL,NULL),(577,'mustard',NULL,NULL,NULL),(578,'house keeping products',NULL,NULL,NULL),(579,'Instant food products',NULL,NULL,NULL),(580,'skin care',NULL,NULL,NULL),(581,'potato products',NULL,NULL,NULL),(582,'liquor\n',NULL,NULL,NULL),(583,'pet care',NULL,NULL,NULL),(584,'pork\n',NULL,NULL,NULL),(585,'soups',NULL,NULL,NULL),(586,'root vegetables\n',NULL,NULL,NULL),(587,'rum\n',NULL,NULL,NULL),(588,'salad dressing',NULL,NULL,NULL),(589,'pasta\n',NULL,NULL,NULL),(590,'sauces\n',NULL,NULL,NULL),(591,'sausage\n',NULL,NULL,NULL),(592,'vinegar',NULL,NULL,NULL),(593,'soap\n',NULL,NULL,NULL),(594,'abrasive cleaner',NULL,NULL,NULL),(595,'cleaner\n',NULL,NULL,NULL),(596,'hair spray\n',NULL,NULL,NULL),(597,'instant coffee\n',NULL,NULL,NULL),(598,'salty snack\n',NULL,NULL,NULL),(599,'chicken\n',NULL,NULL,NULL),(600,'roll products ',NULL,NULL,NULL),(601,'mayonnaise',NULL,NULL,NULL),(602,'rubbing alcohol\n',NULL,NULL,NULL),(603,'dish cleaner\n',NULL,NULL,NULL),(604,'oil\n',NULL,NULL,NULL),(605,'citrus fruit\n',NULL,NULL,NULL),(606,'butter milk\n',NULL,NULL,NULL),(607,'soft cheese\n',NULL,NULL,NULL),(608,'domestic eggs\n',NULL,NULL,NULL),(609,'white bread\n',NULL,NULL,NULL),(610,'syrup',NULL,NULL,NULL),(611,'dog food',NULL,NULL,NULL),(612,'liver loaf',NULL,NULL,NULL),(613,'soap',NULL,NULL,NULL),(614,'hamburger meat\n',NULL,NULL,NULL),(615,'frozen dessert\n',NULL,NULL,NULL),(616,'sliced cheese\n',NULL,NULL,NULL),(617,'bathroom cleaner',NULL,NULL,NULL),(618,'pet care\n',NULL,NULL,NULL),(619,'male cosmetics\n',NULL,NULL,NULL),(620,'softener\n',NULL,NULL,NULL),(621,'dental care',NULL,NULL,NULL),(622,'brandy\n',NULL,NULL,NULL),(623,'instant coffee',NULL,NULL,NULL),(624,'house keeping products\n',NULL,NULL,NULL),(625,'roll products \n',NULL,NULL,NULL),(626,'snack products',NULL,NULL,NULL),(627,'seasonal products\n',NULL,NULL,NULL),(628,'rum',NULL,NULL,NULL),(629,'baby cosmetics\n',NULL,NULL,NULL),(630,'organic products',NULL,NULL,NULL),(631,'canned fish\n',NULL,NULL,NULL),(632,'nut snack\n',NULL,NULL,NULL),(633,'chocolate marshmallow\n',NULL,NULL,NULL),(634,'frankfurter\n',NULL,NULL,NULL),(635,'kitchen towels',NULL,NULL,NULL),(636,'rubbing alcohol',NULL,NULL,NULL),(637,'frozen chicken\n',NULL,NULL,NULL),(638,'pickled vegetables\n',NULL,NULL,NULL),(639,'light bulbs',NULL,NULL,NULL),(640,'skin care\n',NULL,NULL,NULL),(641,'kitchen towels\n',NULL,NULL,NULL),(642,'ketchup',NULL,NULL,NULL),(643,'liquor',NULL,NULL,NULL),(644,'female sanitary products',NULL,NULL,NULL),(645,'jam',NULL,NULL,NULL),(646,'butter\n',NULL,NULL,NULL),(647,'ready soups',NULL,NULL,NULL),(648,'decalcifier',NULL,NULL,NULL),(649,'semi-finished bread\n',NULL,NULL,NULL),(650,'mustard\n',NULL,NULL,NULL),(651,'decalcifier\n',NULL,NULL,NULL),(652,'flour\n',NULL,NULL,NULL),(653,'mayonnaise\n',NULL,NULL,NULL),(654,'rice\n',NULL,NULL,NULL),(655,'nuts/prunes',NULL,NULL,NULL),(656,'pot plants',NULL,NULL,NULL),(657,'popcorn',NULL,NULL,NULL),(658,'liqueur',NULL,NULL,NULL),(659,'organic sausage',NULL,NULL,NULL),(660,'zwieback\n',NULL,NULL,NULL),(661,'canned vegetables\n',NULL,NULL,NULL),(662,'grapes\n',NULL,NULL,NULL),(663,'flower (seeds)',NULL,NULL,NULL),(664,'light bulbs\n',NULL,NULL,NULL),(665,'tea\n',NULL,NULL,NULL),(666,'onions\n',NULL,NULL,NULL),(667,'cream',NULL,NULL,NULL),(668,'toilet cleaner',NULL,NULL,NULL),(669,'specialty vegetables',NULL,NULL,NULL),(670,'specialty cheese\n',NULL,NULL,NULL),(671,'sauces',NULL,NULL,NULL),(672,'baby food',NULL,NULL,NULL),(673,'cookware',NULL,NULL,NULL),(674,'pudding powder\n',NULL,NULL,NULL),(675,'prosecco',NULL,NULL,NULL),(676,'tidbits',NULL,NULL,NULL),(677,'baby cosmetics',NULL,NULL,NULL),(678,'whisky',NULL,NULL,NULL),(679,'frozen fish\n',NULL,NULL,NULL),(680,'sweet spreads\n',NULL,NULL,NULL),(681,'herbs\n',NULL,NULL,NULL),(682,'hair spray',NULL,NULL,NULL),(683,'frozen fruits',NULL,NULL,NULL),(684,'UHT-milk\n',NULL,NULL,NULL),(685,'specialty fat\n',NULL,NULL,NULL),(686,'pudding powder',NULL,NULL,NULL),(687,'bags\n',NULL,NULL,NULL),(688,'cooking chocolate',NULL,NULL,NULL),(689,'potato products\n',NULL,NULL,NULL),(690,'frozen meals\n',NULL,NULL,NULL),(691,'syrup\n',NULL,NULL,NULL),(692,'flower soil/fertilizer',NULL,NULL,NULL),(693,'hard cheese\n',NULL,NULL,NULL),(694,'nut snack',NULL,NULL,NULL),(695,'spread cheese\n',NULL,NULL,NULL),(696,'jam\n',NULL,NULL,NULL),(697,'ham\n',NULL,NULL,NULL),(698,'ketchup\n',NULL,NULL,NULL),(699,'cream\n',NULL,NULL,NULL),(700,'canned fruit\n',NULL,NULL,NULL),(701,'specialty vegetables\n',NULL,NULL,NULL),(702,'cooking chocolate\n',NULL,NULL,NULL),(703,'meat\n',NULL,NULL,NULL),(704,'turkey\n',NULL,NULL,NULL),(705,'tidbits\n',NULL,NULL,NULL),(706,'vinegar\n',NULL,NULL,NULL),(707,'frozen chicken',NULL,NULL,NULL),(708,'liqueur\n',NULL,NULL,NULL),(709,'condensed milk\n',NULL,NULL,NULL),(710,'sound storage medium',NULL,NULL,NULL),(711,'nuts/prunes\n',NULL,NULL,NULL),(712,'toilet cleaner\n',NULL,NULL,NULL),(713,'whisky\n',NULL,NULL,NULL),(714,'artif. sweetener\n',NULL,NULL,NULL),(715,'make up remover\n',NULL,NULL,NULL),(716,'finished products\n',NULL,NULL,NULL),(717,'soups\n',NULL,NULL,NULL),(718,'kitchen utensil\n',NULL,NULL,NULL),(719,'cocoa drinks\n',NULL,NULL,NULL),(720,'preservation products\n',NULL,NULL,NULL),(721,'kitchen utensil',NULL,NULL,NULL),(722,'liver loaf\n',NULL,NULL,NULL),(723,'honey\n',NULL,NULL,NULL),(724,'organic products\n',NULL,NULL,NULL),(725,'preservation products',NULL,NULL,NULL),(726,'frozen fruits\n',NULL,NULL,NULL),(727,'1',NULL,NULL,NULL),(728,'2',NULL,NULL,NULL),(729,'3',NULL,NULL,NULL),(730,'4',NULL,NULL,NULL),(731,'5',NULL,NULL,NULL),(732,'6',NULL,NULL,NULL),(733,'7',NULL,NULL,NULL),(734,'8',NULL,NULL,NULL),(735,'9',NULL,NULL,NULL),(736,'10',NULL,NULL,NULL),(737,'',NULL,NULL,NULL),(738,'12',NULL,NULL,NULL),(739,'13',NULL,NULL,NULL),(740,'14',NULL,NULL,NULL),(741,'15',NULL,NULL,NULL),(742,'16',NULL,NULL,NULL),(743,'17',NULL,NULL,NULL),(744,'18',NULL,NULL,NULL),(745,'19',NULL,NULL,NULL),(746,'20',NULL,NULL,NULL),(747,'21',NULL,NULL,NULL),(748,'22',NULL,NULL,NULL),(749,'23',NULL,NULL,NULL),(750,'24',NULL,NULL,NULL),(751,'25',NULL,NULL,NULL),(752,'26',NULL,NULL,NULL),(753,'27',NULL,NULL,NULL),(754,'28',NULL,NULL,NULL),(755,'29',NULL,NULL,NULL),(756,'30',NULL,NULL,NULL),(757,'31',NULL,NULL,NULL),(758,'32\n',NULL,NULL,NULL),(759,'citrus fruit',NULL,NULL,NULL),(760,'semi-finished bread',NULL,NULL,NULL),(761,'margarine',NULL,NULL,NULL),(762,'ready soups\n',NULL,NULL,NULL),(763,'tropical fruit',NULL,NULL,NULL),(764,'yogurt',NULL,NULL,NULL),(765,'coffee\n',NULL,NULL,NULL),(766,'whole milk\n',NULL,NULL,NULL),(767,'pip fruit',NULL,NULL,NULL),(768,'cream cheese ',NULL,NULL,NULL),(769,'meat spreads\n',NULL,NULL,NULL),(770,'other vegetables',NULL,NULL,NULL),(771,'whole milk',NULL,NULL,NULL),(772,'condensed milk',NULL,NULL,NULL),(773,'long life bakery product\n',NULL,NULL,NULL),(774,'butter',NULL,NULL,NULL),(775,'rice',NULL,NULL,NULL),(776,'abrasive cleaner\n',NULL,NULL,NULL),(777,'rolls/buns\n',NULL,NULL,NULL),(778,'UHT-milk',NULL,NULL,NULL),(779,'rolls/buns',NULL,NULL,NULL),(780,'bottled beer',NULL,NULL,NULL),(781,'liquor (appetizer)\n',NULL,NULL,NULL),(782,'pot plants\n',NULL,NULL,NULL),(783,'cereals\n',NULL,NULL,NULL),(784,'white bread',NULL,NULL,NULL),(785,'bottled water',NULL,NULL,NULL),(786,'chocolate\n',NULL,NULL,NULL),(787,'curd',NULL,NULL,NULL),(788,'flour',NULL,NULL,NULL),(789,'dishes\n',NULL,NULL,NULL),(790,'beef\n',NULL,NULL,NULL),(791,'frankfurter',NULL,NULL,NULL),(792,'soda\n',NULL,NULL,NULL),(793,'chicken',NULL,NULL,NULL),(794,'tropical fruit\n',NULL,NULL,NULL),(795,'sugar',NULL,NULL,NULL),(796,'fruit/vegetable juice',NULL,NULL,NULL),(797,'newspapers\n',NULL,NULL,NULL),(798,'fruit/vegetable juice\n',NULL,NULL,NULL),(799,'packaged fruit/vegetables\n',NULL,NULL,NULL),(800,'specialty bar\n',NULL,NULL,NULL),(801,'other vegetables\n',NULL,NULL,NULL),(802,'butter milk',NULL,NULL,NULL),(803,'pastry\n',NULL,NULL,NULL),(804,'processed cheese',NULL,NULL,NULL),(805,'detergent',NULL,NULL,NULL),(806,'root vegetables',NULL,NULL,NULL),(807,'frozen dessert',NULL,NULL,NULL),(808,'sweet spreads',NULL,NULL,NULL),(809,'salty snack',NULL,NULL,NULL),(810,'waffles',NULL,NULL,NULL),(811,'candy',NULL,NULL,NULL),(812,'bathroom cleaner\n',NULL,NULL,NULL),(813,'canned beer\n',NULL,NULL,NULL),(814,'yogurt\n',NULL,NULL,NULL),(815,'sausage',NULL,NULL,NULL),(816,'soda',NULL,NULL,NULL),(817,'brown bread',NULL,NULL,NULL),(818,'canned beer',NULL,NULL,NULL),(819,'newspapers',NULL,NULL,NULL),(820,'shopping bags\n',NULL,NULL,NULL),(821,'beverages',NULL,NULL,NULL),(822,'hamburger meat',NULL,NULL,NULL),(823,'spices',NULL,NULL,NULL),(824,'hygiene articles',NULL,NULL,NULL),(825,'napkins\n',NULL,NULL,NULL),(826,'sugar\n',NULL,NULL,NULL),(827,'pork',NULL,NULL,NULL),(828,'berries',NULL,NULL,NULL),(829,'whipped/sour cream',NULL,NULL,NULL),(830,'artif. sweetener',NULL,NULL,NULL),(831,'beef',NULL,NULL,NULL),(832,'grapes',NULL,NULL,NULL),(833,'detergent\n',NULL,NULL,NULL),(834,'pastry',NULL,NULL,NULL),(835,'dessert\n',NULL,NULL,NULL),(836,'zwieback',NULL,NULL,NULL),(837,'specialty bar',NULL,NULL,NULL),(838,'domestic eggs',NULL,NULL,NULL),(839,'cereals',NULL,NULL,NULL),(840,'coffee',NULL,NULL,NULL),(841,'candy\n',NULL,NULL,NULL),(842,'spread cheese',NULL,NULL,NULL),(843,'bottled water\n',NULL,NULL,NULL),(844,'misc. beverages\n',NULL,NULL,NULL),(845,'hard cheese',NULL,NULL,NULL),(846,'cat food',NULL,NULL,NULL),(847,'ham',NULL,NULL,NULL),(848,'turkey',NULL,NULL,NULL),(849,'baking powder',NULL,NULL,NULL),(850,'pickled vegetables',NULL,NULL,NULL),(851,'packaged fruit/vegetables',NULL,NULL,NULL),(852,'oil',NULL,NULL,NULL),(853,'chewing gum',NULL,NULL,NULL),(854,'chocolate marshmallow',NULL,NULL,NULL),(855,'ice cream',NULL,NULL,NULL),(856,'cat food\n',NULL,NULL,NULL),(857,'frozen vegetables',NULL,NULL,NULL),(858,'canned fish',NULL,NULL,NULL),(859,'seasonal products',NULL,NULL,NULL),(860,'curd cheese',NULL,NULL,NULL),(861,'red/blush wine',NULL,NULL,NULL),(862,'curd\n',NULL,NULL,NULL),(863,'frozen potato products',NULL,NULL,NULL),(864,'red/blush wine\n',NULL,NULL,NULL),(865,'specialty fat',NULL,NULL,NULL),(866,'specialty chocolate',NULL,NULL,NULL),(867,'candles',NULL,NULL,NULL),(868,'flower (seeds)\n',NULL,NULL,NULL),(869,'sparkling wine',NULL,NULL,NULL),(870,'meat spreads',NULL,NULL,NULL),(871,'frozen potato products\n',NULL,NULL,NULL),(872,'salt',NULL,NULL,NULL),(873,'bottled beer\n',NULL,NULL,NULL),(874,'frozen meals',NULL,NULL,NULL),(875,'canned vegetables',NULL,NULL,NULL),(876,'onions',NULL,NULL,NULL),(877,'frozen vegetables\n',NULL,NULL,NULL),(878,'herbs',NULL,NULL,NULL),(879,'white wine',NULL,NULL,NULL),(880,'candles\n',NULL,NULL,NULL),(881,'brandy',NULL,NULL,NULL),(882,'whipped/sour cream\n',NULL,NULL,NULL),(883,'berries\n',NULL,NULL,NULL),(884,'cream cheese \n',NULL,NULL,NULL),(885,'photo/film\n',NULL,NULL,NULL),(886,'sliced cheese',NULL,NULL,NULL),(887,'pasta',NULL,NULL,NULL),(888,'brown bread\n',NULL,NULL,NULL),(889,'softener',NULL,NULL,NULL),(890,'napkins',NULL,NULL,NULL),(891,'photo/film',NULL,NULL,NULL),(892,'cling film/bags\n',NULL,NULL,NULL),(893,'processed cheese\n',NULL,NULL,NULL),(894,'pip fruit\n',NULL,NULL,NULL),(895,'dessert',NULL,NULL,NULL),(896,'sparkling wine\n',NULL,NULL,NULL),(897,'fish',NULL,NULL,NULL),(898,'long life bakery product',NULL,NULL,NULL),(899,'male cosmetics',NULL,NULL,NULL),(900,'waffles\n',NULL,NULL,NULL),(901,'canned fruit',NULL,NULL,NULL),(902,'misc. beverages',NULL,NULL,NULL),(903,'hygiene articles\n',NULL,NULL,NULL),(904,'curd cheese\n',NULL,NULL,NULL),(905,'Instant food products\n',NULL,NULL,NULL),(906,'margarine\n',NULL,NULL,NULL),(907,'soft cheese',NULL,NULL,NULL),(908,'baking powder\n',NULL,NULL,NULL),(909,'honey',NULL,NULL,NULL),(910,'dental care\n',NULL,NULL,NULL),(911,'popcorn\n',NULL,NULL,NULL),(912,'cake bar',NULL,NULL,NULL),(913,'chocolate',NULL,NULL,NULL),(914,'dishes',NULL,NULL,NULL),(915,'snack products\n',NULL,NULL,NULL),(916,'cling film/bags',NULL,NULL,NULL),(917,'flower soil/fertilizer\n',NULL,NULL,NULL),(918,'chewing gum\n',NULL,NULL,NULL),(919,'specialty cheese',NULL,NULL,NULL),(920,'finished products',NULL,NULL,NULL),(921,'cocoa drinks',NULL,NULL,NULL),(922,'dog food\n',NULL,NULL,NULL),(923,'salt\n',NULL,NULL,NULL),(924,'ice cream\n',NULL,NULL,NULL),(925,'prosecco\n',NULL,NULL,NULL),(926,'frozen fish',NULL,NULL,NULL),(927,'liquor (appetizer)',NULL,NULL,NULL),(928,'spices\n',NULL,NULL,NULL),(929,'specialty chocolate\n',NULL,NULL,NULL),(930,'make up remover',NULL,NULL,NULL),(931,'beverages\n',NULL,NULL,NULL),(932,'cleaner',NULL,NULL,NULL),(933,'female sanitary products\n',NULL,NULL,NULL),(934,'dish cleaner',NULL,NULL,NULL),(935,'cookware\n',NULL,NULL,NULL),(936,'white wine\n',NULL,NULL,NULL),(937,'meat',NULL,NULL,NULL),(938,'cake bar\n',NULL,NULL,NULL),(939,'tea',NULL,NULL,NULL),(940,'mustard',NULL,NULL,NULL),(941,'house keeping products',NULL,NULL,NULL),(942,'Instant food products',NULL,NULL,NULL),(943,'skin care',NULL,NULL,NULL),(944,'potato products',NULL,NULL,NULL),(945,'liquor\n',NULL,NULL,NULL),(946,'pet care',NULL,NULL,NULL),(947,'pork\n',NULL,NULL,NULL),(948,'soups',NULL,NULL,NULL),(949,'root vegetables\n',NULL,NULL,NULL),(950,'rum\n',NULL,NULL,NULL),(951,'salad dressing',NULL,NULL,NULL),(952,'pasta\n',NULL,NULL,NULL),(953,'sauces\n',NULL,NULL,NULL),(954,'sausage\n',NULL,NULL,NULL),(955,'vinegar',NULL,NULL,NULL),(956,'soap\n',NULL,NULL,NULL),(957,'abrasive cleaner',NULL,NULL,NULL),(958,'cleaner\n',NULL,NULL,NULL),(959,'hair spray\n',NULL,NULL,NULL),(960,'instant coffee\n',NULL,NULL,NULL),(961,'salty snack\n',NULL,NULL,NULL),(962,'chicken\n',NULL,NULL,NULL),(963,'roll products ',NULL,NULL,NULL),(964,'mayonnaise',NULL,NULL,NULL),(965,'rubbing alcohol\n',NULL,NULL,NULL),(966,'dish cleaner\n',NULL,NULL,NULL),(967,'oil\n',NULL,NULL,NULL),(968,'citrus fruit\n',NULL,NULL,NULL),(969,'butter milk\n',NULL,NULL,NULL),(970,'soft cheese\n',NULL,NULL,NULL),(971,'domestic eggs\n',NULL,NULL,NULL),(972,'white bread\n',NULL,NULL,NULL),(973,'syrup',NULL,NULL,NULL),(974,'dog food',NULL,NULL,NULL),(975,'liver loaf',NULL,NULL,NULL),(976,'soap',NULL,NULL,NULL),(977,'hamburger meat\n',NULL,NULL,NULL),(978,'frozen dessert\n',NULL,NULL,NULL),(979,'sliced cheese\n',NULL,NULL,NULL),(980,'bathroom cleaner',NULL,NULL,NULL),(981,'pet care\n',NULL,NULL,NULL),(982,'male cosmetics\n',NULL,NULL,NULL),(983,'softener\n',NULL,NULL,NULL),(984,'dental care',NULL,NULL,NULL),(985,'brandy\n',NULL,NULL,NULL),(986,'instant coffee',NULL,NULL,NULL),(987,'house keeping products\n',NULL,NULL,NULL),(988,'roll products \n',NULL,NULL,NULL),(989,'snack products',NULL,NULL,NULL),(990,'seasonal products\n',NULL,NULL,NULL),(991,'rum',NULL,NULL,NULL),(992,'baby cosmetics\n',NULL,NULL,NULL),(993,'organic products',NULL,NULL,NULL),(994,'canned fish\n',NULL,NULL,NULL),(995,'nut snack\n',NULL,NULL,NULL),(996,'chocolate marshmallow\n',NULL,NULL,NULL),(997,'frankfurter\n',NULL,NULL,NULL),(998,'kitchen towels',NULL,NULL,NULL),(999,'rubbing alcohol',NULL,NULL,NULL),(1000,'frozen chicken\n',NULL,NULL,NULL),(1001,'pickled vegetables\n',NULL,NULL,NULL),(1002,'light bulbs',NULL,NULL,NULL),(1003,'skin care\n',NULL,NULL,NULL),(1004,'kitchen towels\n',NULL,NULL,NULL),(1005,'ketchup',NULL,NULL,NULL),(1006,'liquor',NULL,NULL,NULL),(1007,'female sanitary products',NULL,NULL,NULL),(1008,'jam',NULL,NULL,NULL),(1009,'butter\n',NULL,NULL,NULL),(1010,'ready soups',NULL,NULL,NULL),(1011,'decalcifier',NULL,NULL,NULL),(1012,'semi-finished bread\n',NULL,NULL,NULL),(1013,'mustard\n',NULL,NULL,NULL),(1014,'decalcifier\n',NULL,NULL,NULL),(1015,'flour\n',NULL,NULL,NULL),(1016,'mayonnaise\n',NULL,NULL,NULL),(1017,'rice\n',NULL,NULL,NULL),(1018,'nuts/prunes',NULL,NULL,NULL),(1019,'pot plants',NULL,NULL,NULL),(1020,'popcorn',NULL,NULL,NULL),(1021,'liqueur',NULL,NULL,NULL),(1022,'organic sausage',NULL,NULL,NULL),(1023,'zwieback\n',NULL,NULL,NULL),(1024,'canned vegetables\n',NULL,NULL,NULL),(1025,'grapes\n',NULL,NULL,NULL),(1026,'flower (seeds)',NULL,NULL,NULL),(1027,'light bulbs\n',NULL,NULL,NULL),(1028,'tea\n',NULL,NULL,NULL),(1029,'onions\n',NULL,NULL,NULL),(1030,'cream',NULL,NULL,NULL),(1031,'toilet cleaner',NULL,NULL,NULL),(1032,'specialty vegetables',NULL,NULL,NULL),(1033,'specialty cheese\n',NULL,NULL,NULL),(1034,'sauces',NULL,NULL,NULL),(1035,'baby food',NULL,NULL,NULL),(1036,'cookware',NULL,NULL,NULL),(1037,'pudding powder\n',NULL,NULL,NULL),(1038,'prosecco',NULL,NULL,NULL),(1039,'tidbits',NULL,NULL,NULL),(1040,'baby cosmetics',NULL,NULL,NULL),(1041,'whisky',NULL,NULL,NULL),(1042,'frozen fish\n',NULL,NULL,NULL),(1043,'sweet spreads\n',NULL,NULL,NULL),(1044,'herbs\n',NULL,NULL,NULL),(1045,'hair spray',NULL,NULL,NULL),(1046,'frozen fruits',NULL,NULL,NULL),(1047,'UHT-milk\n',NULL,NULL,NULL),(1048,'specialty fat\n',NULL,NULL,NULL),(1049,'pudding powder',NULL,NULL,NULL),(1050,'bags\n',NULL,NULL,NULL),(1051,'cooking chocolate',NULL,NULL,NULL),(1052,'potato products\n',NULL,NULL,NULL),(1053,'frozen meals\n',NULL,NULL,NULL),(1054,'syrup\n',NULL,NULL,NULL),(1055,'flower soil/fertilizer',NULL,NULL,NULL),(1056,'hard cheese\n',NULL,NULL,NULL),(1057,'nut snack',NULL,NULL,NULL),(1058,'spread cheese\n',NULL,NULL,NULL),(1059,'jam\n',NULL,NULL,NULL),(1060,'ham\n',NULL,NULL,NULL),(1061,'ketchup\n',NULL,NULL,NULL),(1062,'cream\n',NULL,NULL,NULL),(1063,'canned fruit\n',NULL,NULL,NULL),(1064,'specialty vegetables\n',NULL,NULL,NULL),(1065,'cooking chocolate\n',NULL,NULL,NULL),(1066,'meat\n',NULL,NULL,NULL),(1067,'turkey\n',NULL,NULL,NULL),(1068,'tidbits\n',NULL,NULL,NULL),(1069,'vinegar\n',NULL,NULL,NULL),(1070,'frozen chicken',NULL,NULL,NULL),(1071,'liqueur\n',NULL,NULL,NULL),(1072,'condensed milk\n',NULL,NULL,NULL),(1073,'sound storage medium',NULL,NULL,NULL),(1074,'nuts/prunes\n',NULL,NULL,NULL),(1075,'toilet cleaner\n',NULL,NULL,NULL),(1076,'whisky\n',NULL,NULL,NULL),(1077,'artif. sweetener\n',NULL,NULL,NULL),(1078,'make up remover\n',NULL,NULL,NULL),(1079,'finished products\n',NULL,NULL,NULL),(1080,'soups\n',NULL,NULL,NULL),(1081,'kitchen utensil\n',NULL,NULL,NULL),(1082,'cocoa drinks\n',NULL,NULL,NULL),(1083,'preservation products\n',NULL,NULL,NULL),(1084,'kitchen utensil',NULL,NULL,NULL),(1085,'liver loaf\n',NULL,NULL,NULL),(1086,'honey\n',NULL,NULL,NULL),(1087,'organic products\n',NULL,NULL,NULL),(1088,'preservation products',NULL,NULL,NULL),(1089,'frozen fruits\n',NULL,NULL,NULL);

/*Table structure for table `orders` */

DROP TABLE IF EXISTS `orders`;

CREATE TABLE `orders` (
  `id` int(11) NOT NULL auto_increment,
  `uid` int(11) default NULL,
  `ofname` text NOT NULL,
  `pid` int(11) NOT NULL,
  `quantity` int(11) NOT NULL,
  `oplace` text NOT NULL,
  `mobile` varchar(15) NOT NULL,
  `dstatus` varchar(10) NOT NULL default 'no',
  `odate` timestamp NOT NULL default CURRENT_TIMESTAMP,
  `ddate` date default NULL,
  PRIMARY KEY  (`id`)
) ENGINE=InnoDB DEFAULT CHARSET=latin1;

/*Data for the table `orders` */

insert  into `orders`(`id`,`uid`,`ofname`,`pid`,`quantity`,`oplace`,`mobile`,`dstatus`,`odate`,`ddate`) values (16,16,'abcd defr',33,1,'navi mumbai airoli','7894561230','no','2020-01-14 11:36:12','2020-01-21'),(17,16,'aasas sd',33,1,'navi mumbai airoli','7894561230','no','2020-01-14 11:43:50','2020-01-21');

/*Table structure for table `product_level` */

DROP TABLE IF EXISTS `product_level`;

CREATE TABLE `product_level` (
  `id` int(11) NOT NULL auto_increment,
  `product_id` int(11) NOT NULL,
  `v_shape` varchar(10) NOT NULL default 'no',
  `polo` varchar(10) NOT NULL default 'no',
  `clean_text` varchar(10) NOT NULL default 'no',
  `design` varchar(10) NOT NULL default 'no',
  `chain` varchar(10) NOT NULL default 'no',
  `leather` varchar(10) NOT NULL default 'no',
  `hook` varchar(10) NOT NULL default 'no',
  `color` varchar(10) NOT NULL default 'no',
  `formal` varchar(10) NOT NULL default 'no',
  `converse` varchar(10) NOT NULL default 'no',
  `loafer` varchar(10) NOT NULL default 'no',
  PRIMARY KEY  (`id`)
) ENGINE=MyISAM AUTO_INCREMENT=22 DEFAULT CHARSET=latin1;

/*Data for the table `product_level` */

insert  into `product_level`(`id`,`product_id`,`v_shape`,`polo`,`clean_text`,`design`,`chain`,`leather`,`hook`,`color`,`formal`,`converse`,`loafer`) values (1,1,'no','no','yes','no','no','no','no','no','no','no','no'),(2,2,'no','no','no','no','yes','yes','no','no','no','no','no'),(3,3,'no','no','no','no','no','yes','no','no','no','no','yes'),(4,4,'no','no','no','no','no','yes','yes','no','no','no','no'),(5,5,'no','yes','yes','no','no','no','no','no','no','no','no'),(6,6,'no','yes','yes','no','no','no','no','no','no','no','no'),(7,7,'yes','no','no','yes','no','no','no','no','no','no','no'),(8,8,'no','no','yes','no','no','no','no','no','no','no','no'),(9,9,'yes','no','no','yes','no','no','no','no','no','no','no'),(10,10,'yes','no','yes','no','no','no','no','no','no','no','no'),(14,14,'no','no','no','no','no','yes','yes','no','no','no','no'),(12,12,'yes','no','no','yes','no','no','no','no','no','no','no'),(13,13,'no','no','no','no','no','yes','no','no','no','no','yes'),(15,15,'no','no','no','no','no','yes','no','yes','no','no','no'),(16,16,'no','no','no','no','no','yes','yes','yes','no','no','no'),(17,17,'no','no','no','no','yes','yes','no','no','no','no','no'),(18,18,'no','no','no','no','yes','yes','no','no','no','no','no'),(19,19,'no','no','no','yes','yes','yes','no','no','no','no','no'),(20,20,'no','no','no','no','no','yes','no','no','no','yes','no'),(21,21,'no','no','no','no','no','yes','no','no','yes','no','no');

/*Table structure for table `product_view` */

DROP TABLE IF EXISTS `product_view`;

CREATE TABLE `product_view` (
  `id` int(11) NOT NULL auto_increment,
  `user_id` int(11) NOT NULL,
  `product_id` int(11) NOT NULL,
  `date` timestamp NOT NULL default CURRENT_TIMESTAMP,
  PRIMARY KEY  (`id`)
) ENGINE=MyISAM AUTO_INCREMENT=11 DEFAULT CHARSET=latin1;

/*Data for the table `product_view` */

insert  into `product_view`(`id`,`user_id`,`product_id`,`date`) values (1,9,9,'2018-09-22 07:49:30'),(2,9,7,'2018-09-27 08:17:43'),(3,9,12,'2018-09-22 08:50:59'),(4,9,10,'2018-09-29 08:37:11'),(5,9,5,'2018-09-22 08:49:19'),(6,9,8,'2018-09-21 21:27:50'),(7,9,6,'2018-09-22 07:42:54'),(8,9,1,'2018-09-22 08:33:36'),(9,16,6,'2019-12-29 20:48:46'),(10,16,5,'2019-12-29 20:52:57');

/*Table structure for table `products` */

DROP TABLE IF EXISTS `products`;

CREATE TABLE `products` (
  `id` int(11) NOT NULL auto_increment,
  `pName` varchar(100) NOT NULL,
  `price` int(11) NOT NULL,
  `description` text NOT NULL,
  `available` int(11) NOT NULL,
  `category` varchar(100) NOT NULL,
  `item` varchar(100) NOT NULL,
  `pCode` varchar(20) NOT NULL,
  `picture` text NOT NULL,
  `date` timestamp NOT NULL default CURRENT_TIMESTAMP,
  PRIMARY KEY  (`id`)
) ENGINE=InnoDB DEFAULT CHARSET=latin1;

/*Data for the table `products` */

insert  into `products`(`id`,`pName`,`price`,`description`,`available`,`category`,`item`,`pCode`,`picture`,`date`) values (1,'T-Shirt',120,'T-Shirt',4,'tshirt','t-shirt','t-007','MSTS14738.jpg','2018-09-20 12:40:40'),(2,'Baborry wallet',6000,'Baborry-Double-Zipper-Coin-Bag-RFID-Blocking-Men-Wallets-New-Brand-PU-Leather-Wallet-Money-Purses',3,'wallet','wallet','w-004','IMG_1212.jpg','2018-09-20 13:10:28'),(3,'Loafer Shoes',2000,'Loafer black shoes',8,'shoes','shoes','s-001','8544789_5_.jpg','2018-09-20 14:03:57'),(4,'Artificial Belt',1200,'Black artificial belt',9,'belt','belt','b-001','0283BLT.jpg','2018-09-20 14:05:44'),(5,'Polo T-shirt',500,'Polo t-shirt',10,'tshirt','t-shirt','s-002','lp00-2.jpg','2018-09-20 14:10:06'),(6,'T-shirt',300,'Polo colorful t-shirt',12,'tshirt','t-shirt','t-003','yellow_2_.jpg','2018-09-20 14:11:18'),(7,'Tshirt',200,'Design t-shirt',10,'tshirt','t-shirt','t-004','MSTSV14042.jpg','2018-09-20 14:12:11'),(8,'T-shirt',200,'Color t-shirt',20,'tshirt','t-shirt','t-005','MSTS14759.jpg','2018-09-20 14:15:39'),(9,'Men\'s Tshirt',500,'Colorful men\'s t-shirt',20,'tshirt','t-shirt','t-006','MSTSV14046.jpg','2018-09-20 14:27:07'),(10,'Sports tshirt',1000,'Real madrid t-shirt',5,'tshirt','t-shirt','t-007','MSTSV14039.jpg','2018-09-20 14:28:38'),(12,'T-shirt',300,'Design t-shirt',10,'tshirt','t-shirt','t-010','MSTSV14049.jpg','2018-09-20 14:32:04'),(13,'Leather Shoes',2000,'Best leather shoes',10,'shoes','shoes','s-002','8546789_5_.jpg','2018-09-21 16:09:32'),(14,'Belt',2000,'Nice belt',20,'belt','belt','b-003','gbdl18_1.png','2018-10-01 09:17:08'),(15,'Belt',300,'Nice one belt',20,'belt','belt','b-004','101010_1_.jpg','2018-10-01 09:18:09'),(16,'Mens Belt',300,'Mens belt',15,'belt','belt','b-005','image4_2.jpg','2018-10-01 09:19:08'),(17,'Leather Wallet',100,'Leather wallet',10,'wallet','wallet','w-005','Baborry-Double-Zipper-Coin-Bag-RFID-Blocking-Men-Wallets-New-Brand-PU-Leather-Wallet-Money-Purses.jpg_640x640.jpg','2018-10-01 09:21:52'),(18,'Wallet',300,'Wallet',20,'wallet','wallet','w-007','1881_G.jpg','2018-10-01 09:22:43'),(19,'Black walllet',300,'Black mens wallet',20,'wallet','wallet','w-009','image5_1_2.jpg','2018-10-01 09:23:37'),(20,'Men\'s Shoes',1200,'Men\'s shoes',23,'shoes','shoes','s-003','IMG_2429.jpg','2018-10-01 09:26:41'),(21,'Shoes',2000,'Formal Shoes',12,'shoes','shoes','s-004','G51A7054.jpg','2018-10-01 09:27:24');

/*Table structure for table `users` */

DROP TABLE IF EXISTS `users`;

CREATE TABLE `users` (
  `id` int(11) NOT NULL auto_increment,
  `name` varchar(50) NOT NULL,
  `email` varchar(50) NOT NULL,
  `username` varchar(25) NOT NULL,
  `password` varchar(100) NOT NULL,
  `mobile` varchar(20) NOT NULL,
  `reg_time` timestamp NOT NULL default CURRENT_TIMESTAMP,
  `online` varchar(1) NOT NULL default '0',
  `activation` varchar(3) NOT NULL default 'yes',
  PRIMARY KEY  (`id`)
) ENGINE=MyISAM AUTO_INCREMENT=17 DEFAULT CHARSET=latin1;

/*Data for the table `users` */

insert  into `users`(`id`,`name`,`email`,`username`,`password`,`mobile`,`reg_time`,`online`,`activation`) values (12,'Mukul','mukul@gmail.com','mukul','$5$rounds=535000$6PJhbzFlfJbcQbza$FbrPa3qqk1RJ5MSffRLO6LrQJXbgO8SudFuBpNf.wR7','','2018-07-23 19:39:14','0','yes'),(9,'Nur Mohsin','mohsin@gmail.com','mohsin','$5$rounds=535000$EnLkwqfGWGcWklRL$q9PbYw/TVXSzs.QpgUouZ3.6BzaPG2eLHkTyv.Qx80D','123456789022','2018-07-21 12:17:57','1','yes'),(14,'Nur Mohsin','khan@gmail.com','khan','$5$rounds=535000$wLKTQexvPQHueUsK$aFrFUXBHjrrAH61EFiYgj8cZECaaz8y6S5XS/zkkHw9','','2018-09-07 14:32:35','0','yes'),(13,'Robin','robin@gmail.com','robin','$5$rounds=535000$uiZc/VCwwa3XCTTe$Ec.JOjy4GkjpAXHtAvGt6pSc6KszajHgcyZy8v6Ivk1','','2018-07-26 18:06:57','0','yes'),(15,'Sujon','sujon@yahoo.com','sujons','$5$rounds=535000$aGykDT1yrocgTaDt$p2dDAMDz9g3N6o/Jj7QJY9B6NnMlUot.DCq/LOsCS13','89345793753','2018-09-08 19:28:36','0','yes'),(16,'ningeshkumar m k','ningesh1406@gmail.com','ningesh','$5$rounds=535000$mAhn.uSIxd5DjRal$5dbchHPO3JezgWNWB4G87EFEZJQDjSA1n8l2/YzEa2.','18655221446','2019-12-29 20:48:19','1','yes');

/*!40101 SET SQL_MODE=@OLD_SQL_MODE */;
/*!40014 SET FOREIGN_KEY_CHECKS=@OLD_FOREIGN_KEY_CHECKS */;
